id,label
ee32b90c29f11c22d2524518b7444f92e37fe5d404b0144390f8c079a4e5b6_640.jpg,0
ee33b00e2ee90021d85a5854ee454296eb70e3c818b413449df1c17fa2ee_640.jpg,0
ee37b70620fd1c22d2524518b7444f92e37fe5d404b0144390f8c079a2efb1_640.jpg,0
ee3cb70b2bf31c22d2524518b7444f92e37fe5d404b0144390f8c079a2efb1_640.jpg,0
ef31b80e2ef01c22d2524518b7444f92e37fe5d404b0144390f8c079a4e5b6_640.jpg,0
ef32b20b2de90021d85a5854ee454296eb70e3c818b413449df1c17ca5e9_640.jpg,0
ef34b60c28f11c22d2524518b7444f92e37fe5d404b0144390f8c079a1e8b6_640.jpg,0
ef3cb5082bf41c22d2524518b7444f92e37fe5d404b0144390f8c079a4e5b6_640.jpg,0
ef3db70728f71c22d2524518b7444f92e37fe5d404b0144390f8c079a2efb1_640.jpg,0
erik-jan-leusink-126918-unsplash.jpg,0
erik-jan-leusink-144775-unsplash.jpg,0
erik-jan-leusink-180382-unsplash.jpg,0
erik-jan-leusink-378147-unsplash.jpg,0
erik-jan-leusink-427699-unsplash.jpg,0
erik-jan-leusink-561776-unsplash.jpg,0
freddie-marriage-40645-unsplash.jpg,0
hannah-troupe-349131-unsplash.jpg,0
jannik-selz-335261-unsplash.jpg,0
jonas-vincent-2717-unsplash.jpg,0
jose-ros-photo-388605-unsplash.jpg,0
josh-couch-475167-unsplash.jpg,0
kamonnat-onnom-106416-unsplash.jpg,0
kari-shea-471277-unsplash.jpg,0
kevin-knezic-254586-unsplash.jpg,0
koen-eijkelenboom-353684-unsplash.jpg,0
kristin-lopez-416908-unsplash.jpg,0
lily-lvnatikk-348257-unsplash.jpg,0
lucija-ros-538675-unsplash.jpg,0
ludemeula-fernandes-451948-unsplash.jpg,0
marko-blazevic-219788-unsplash.jpg,0
max-boettinger-486490-unsplash.jpg,0
mikhail-vasilyev-130018-unsplash.jpg,0
mikhail-vasilyev-34524-unsplash.jpg,0
nastasia-324812-unsplash.jpg,0
nick-karvounis-538861-unsplash.jpg,0
OIP-BEqcWF77Te1ywfW1x-couAHaLG.jpeg,0
OIP-VcqwLgUJ3Kmm3I2GjTZy_wAAAA.jpeg,0
OIP-vduFpNmvkNNJNjbwMXz36wHaHa.jpeg,0
OIP-Vg1htIABRj1AZ3tU3i857AHaFQ.jpeg,0
OIP-ViatpK3wPwmHEX4vCFBZVAHaE8.jpeg,0
OIP-VIDtUdrke8J0x7KMrM6iaAHaFj.jpeg,0
OIP-VJC0gty4E9m70A28BjuGJwHaEq.jpeg,0
OIP-vl2vGpynTLqCCNBiMXH9vgHaFM.jpeg,0
OIP-voBpUkO2Uq2eN7ui9fzWvAHaE7.jpeg,0
OIP-vOCBwfzcWtqFZtfapdD3dwHaF7.jpeg,0
OIP-VPQpw2iKKk1iwFhqswUJuAHaE8.jpeg,0
OIP-vpy0Wo6lkVofm8tI74PX8QHaEo.jpeg,0
OIP-vqGUrmvRrnOMmWrNTLsYHAHaE7.jpeg,0
OIP-vs4lsXkHnwiWC1_ly65l8QHaHa.jpeg,0
OIP-VsCaWHyp6sFk1al2qtbubQHaFd.jpeg,0
OIP-VSromYexR5Nw-z6IfQ6SlAHaFx.jpeg,0
OIP-VT8ggY3NVjP_mX7UAE57jgHaGE.jpeg,0
OIP-vTGepm8oxn8bWhr5gXEMNQHaEt.jpeg,0
OIP-VtLBDVc5P3IcXYPp9YLHwQHaE8.jpeg,0
OIP-vtySZRQKWXq_RqvEuqBLnwHaFL.jpeg,0
OIP-VU2ZJIdmTL0-PO6-uDTp3gHaJM.jpeg,0
OIP-VUE2ctTp4XWmv58xd1VJegHaFj.jpeg,0
OIP-vUluSoFD-0zwb1ynGpchHQHaHa.jpeg,0
OIP-v-Urpe47ZJYBM1WxeqXAnQHaE8.jpeg,0
OIP-VWa4TKQI7pE1iqbXvUqpawHaF7.jpeg,0
OIP-VX9NwpHbe6Pzuc2SAvuOBAHaE6.jpeg,0
OIP-vZK2q1e5r4-uPtslb1JGLgHaE7.jpeg,0
OIP-Vzw1QdQLvctVEkw_ZlgyfgHaEK.jpeg,0
OIP-W02QIs6MTyjGRHRgzY__PAHaE8.jpeg,0
OIP-W1gahzfXcK1v1f31QmjmEgHaHa.jpeg,0
OIP-w1gidfxe8UnuXdPz4vuBbgHaEK.jpeg,0
OIP-W1lR4tVz8UN9fbRk_hVmjQHaE6.jpeg,0
OIP-w1sZznXBXRD2TFAKLzTvZQHaGF.jpeg,0
OIP-W1XDuPUekcmUQUGiCBI0DAHaE9.jpeg,0
OIP-w28N2IFidkfFI8CT8Nl8yAHaFj.jpeg,0
OIP-w2vbhDyL0WXNYP24bbJqUwHaFj.jpeg,0
OIP-w2vuDHetxHvhSx_nCL0ypgHaE7.jpeg,0
OIP-W2Z4ZYnWufyVdbf8k46ZBQHaFZ.jpeg,0
OIP-W3F9TmH4OzqmtGZJaqF4uQHaEc.jpeg,0
OIP-W3Qb7BFvJJ03Bai4lRaR-AHaFj.jpeg,0
OIP-w4pL3SFfa079Bq1WA7UCTwHaFi.jpeg,0
OIP-W5zpNHF2RiAD3vkFNHMz1AHaE7.jpeg,0
OIP-W6oaJTyYl86Ny9MacLqisgHaHa.jpeg,0
OIP-w728CCWtpO7yJin-naycVAHaE9.jpeg,0
OIP-w8EzhUd8mSziJRqpp8lq_wHaFc.jpeg,0
OIP-w8feudybShO1HQ1BiiOSnwHaHI.jpeg,0
OIP-W8lewN_P3V_AtsCe15d5nwHaHa.jpeg,0
OIP-w8tUovk8d4Wm9FlZKZFEdwEsCp.jpeg,0
OIP-w8v39flaI58WEE-T8uXWuwHaFX.jpeg,0
OIP-Wa4llvzpHTyXgVb40_r02AHaGL.jpeg,0
OIP-WAc23FpqIrZS5vei-pqxTQHaFj.jpeg,0
OIP-WAK1Yq3I6c-uQ3qQ-2Z_sQHaE8.jpeg,0
OIP-wBjRGUpWiunZCWtUZPG1sgHaF7.jpeg,0
OIP-wBK64Y4FqFtcUZHuWEy6qQHaCw.jpeg,0
OIP-wbM_B7Ajiw9TQxcH-pMmvAHaF0.jpeg,0
OIP-WBn5mHLjmeJjX7xAdPPflAHaEL.jpeg,0
OIP-wbW1wIjFNDMR06WK4dhfVwHaHE.jpeg,0
OIP--wBytfPQfdSPaBqZFp4_VwHaE8.jpeg,0
OIP-wCK4D58WeTsPlvpujFWnRQHaE_.jpeg,0
OIP-WD7YjIa-qADW6wVhafTy5gHaFb.jpeg,0
OIP-wDcTRjCMOHNSSDFKjBVDcQAAAA.jpeg,0
OIP-W-dMOBlE3qr2-cPoquMYdwAAAA.jpeg,0
OIP-WeCCNxjbnF0WvF0FxWZ9uAHaEK.jpeg,0
OIP-WefO4PPy4aWGtcdhHN5VDAAAAA.jpeg,0
OIP-WeiWP8gq6YEkYl58sXxZogHaEj.jpeg,0
OIP-WEnliuPNRRmKlQEMKv2DmgHaEg.jpeg,0
OIP-WEZ-d7RstSBXC4lK70O-lwHaEo.jpeg,0
OIP-wfqs6G730sklvbzPKtVMwAAAAA.jpeg,0
OIP-WfUxfpgmleuWPqoP8aCgJQHaFj.jpeg,0
OIP-Wg_dyeVXtfFw8X3EK3xyPAAAAA.jpeg,0
OIP-WgDGXWs8Q792l9klYY0OqgHaE8.jpeg,0
OIP-WGmA1bvXDd4-nTMfT2UOVgHaE9.jpeg,0
OIP-WIajqekJX_CdAoulP83EPwHaFZ.jpeg,0
OIP-wiFFlWqTBRtH4GJUVbjK3gHaEK.jpeg,0
OIP-wilEcnz5oPVGzT9HTJ5ngwHaKe.jpeg,0
OIP-WIoOjbfrXeh9rQNdn6p7dgHaHa.jpeg,0
OIP-WJ9JYcr0sHyFt2VlIzgMJgHaGH.jpeg,0
OIP-wJBQ-Lhtngie11LOrpnNEAHaGG.jpeg,0
OIP-WjFH_Mt10nk2TI1MoBriHAHaFc.jpeg,0
OIP-WJhzjP3WJ8QqSfxhR5xBdgHaE8.jpeg,0
OIP-wjLOVz9ExMjUGb0EpSaomQHaE4.jpeg,0
OIP-WJxXXybWuStdW83awVhMoAHaFj.jpeg,0
OIP-wkAKWzlqcG01KWtkfi01KAHaEc.jpeg,0
OIP-WKcilGl1xm7Sb-MF8dEDAQAAAA.jpeg,0
OIP-WKd7cQE6RSmYP3ZV893MTgAAAA.jpeg,0
OIP-Wl_O8S_QCwV6jgCK52cMVAHaE-.jpeg,0
OIP-wLBrbpPmUf1DxDe8w_7LJQHaFj.jpeg,0
OIP-wmCOSO6JZcs--PvuT55uPwHaFj.jpeg,0
OIP-wmDPGUE_hDyBpuBi2bsuggHaE8.jpeg,0
OIP-wMdqVoHHxZRwIUelIILyYQHaFj.jpeg,0
OIP-wMes4S3G9P0LOPogf5a81AHaEo.jpeg,0
OIP-WmeU-lxMtHnY6oiM_4FMrQHaIy.jpeg,0
OIP-wMf--o71Rr_MOVohz-oDZAHaFj.jpeg,0
OIP-wmFTsniolVN8DJ2UlypK1AHaE8.jpeg,0
OIP-wmGB4TGQKnAieopoFxXllwHaF1.jpeg,0
OIP-wmlrz98DPpqYNZ5JcXWfMQHaGs.jpeg,0
OIP-WMZfFa2Dn9R_lnf-yqd_vQHaFt.jpeg,0
OIP-W-MzrPE7N5joQR4tMgmTNQHaE8.jpeg,0
OIP-WN6hvCJ3qqjHQlMXqMFilwHaE7.jpeg,0
OIP-WNb7KKNAohHYYpnqjnJibgAAAA.jpeg,0
OIP-wNFVMamXuzTG7X_rv12qzAHaE7.jpeg,0
OIP-wngmMgwYiW2esyBOe-nyfwHaFj.jpeg,0
OIP-wNmWrFJWc1IBn4sbqtO3oAHaFx.jpeg,0
OIP-wNv_c-PexDCk2MDr739XlwHaFj.jpeg,0
OIP-wo_t9Qb3QJ0Ox5CIsmKluQHaFj.jpeg,0
OIP-wO3j3MnmigXJwkWPzOZ6jQHaFr.jpeg,0
OIP-woFyUUldu3PSn3QPfXjhDAHaE7.jpeg,0
OIP-woJkmoeL_aMW9VRuOspHEAAAAA.jpeg,0
OIP-WoK8f0No03mfUwSyM3fy2QHaE7.jpeg,0
OIP-WOkFjH2v6hXB0DWIJjK3GgAAAA.jpeg,0
OIP-woMmrIUCWOoIzguTWRhimAHaGf.jpeg,0
OIP-WOnH_Kn8y15MHKKJUp2CiwHaGj.jpeg,0
OIP-WOt6-GtbdO13Sdlhrer67wAAAA.jpeg,0
OIP-woTpj996YIVVEIyGYZqIjwHaFZ.jpeg,0
OIP-wP9JwyEDsCndPpxlROAlwwHaE7.jpeg,0
OIP-wpaoCzH7RGNlJ-0tZFUUjQHaHO.jpeg,0
OIP-wPAsDUhk20RyxqpcCn3nQwHaFb.jpeg,0
OIP-WPFBxxtJQv5WpjiYqQj8aQAAAA.jpeg,0
OIP-WpiusD2iCvlokkDfcr-n-gHaFj.jpeg,0
OIP-WPKk1W_xXn3H5l59hkMjlQHaFD.jpeg,0
OIP-WPmwhBaaayTAj2kjfWIFtQAAAA.jpeg,0
OIP-wPN0LCDn9ec2srUafmMADgHaKS.jpeg,0
OIP-wPOLVvntaEybQAoZQxro3AHaE8.jpeg,0
OIP-wPRwhnFw3ZNaNDhcQOfwiQHaHa.jpeg,0
OIP-WpwFgPLhM4JszSkpeoLOAwHaE8.jpeg,0
OIP-wpwxA1MIYJveBoMhe_6DDAHaJ6.jpeg,0
OIP-w-Py8SUvgJIMysBQHzdqigHaFj.jpeg,0
OIP-WpzmOkT_4KV9pUPdJ70BsgHaE0.jpeg,0
OIP-Wq2sd7QT4ktPm6D6Cxzq3QHaFj.jpeg,0
OIP-Wq6nTSOv9lyca4UpHYtpdQHaIS.jpeg,0
OIP-wQaFxWPKGnimzXGnZ6iVZQHaE7.jpeg,0
OIP-Wqc5z9ur06JKxqLNFpA-NwHaF7.jpeg,0
OIP-wQeoIjVMKnD3jTPM8qkuHQHaFj.jpeg,0
OIP-WQF6McpNG0CMGn4_dgu0MAHaFF.jpeg,0
OIP-WQIhkpmApyEBEf8heKcOzgAAAA.jpeg,0
OIP-wqj5Hzu8Gs7NhSBrSqIBCQHaFS.jpeg,0
OIP-wqKP--YjfNXxYmkqxNepFQHaLD.jpeg,0
OIP-WQLvouZvamMHO2SBl73WSAHaGf.jpeg,0
OIP-wQN0WD9EbFw2pH_Q4OtSigHaFj.jpeg,0
OIP-WQNV5RD9k7chDWQgQ3LBxQHaJx.jpeg,0
OIP-wQOmAbCre0YrtKai_Ui56wHaDt.jpeg,0
OIP-wQPrK9Su36WHfDPmGWEOnQHaE5.jpeg,0
OIP-wqpvCZ5625aQHJVTBqI8mgHaG-.jpeg,0
OIP-wqPZ_MXr8yj9Yw-4aOtRawHaIT.jpeg,0
OIP-WQRHgbXEU7IURVWhksMf2AHaNK.jpeg,0
OIP-WqtJLMk3SAREJcCCp0xBKQHaE8.jpeg,0
OIP-wQvXMMmyfF7tcLjsJ366CAHaEn.jpeg,0
OIP-wqyuvTOOR95xSlHJydaFmAHaF1.jpeg,0
OIP-WR_L9RHKHxHT_EivDpFobgHaHa.jpeg,0
OIP-wR0qPtFAZNAEK5yRr9uVXwAAAA.jpeg,0
OIP-Wr0xuz-H3we96U2h06c4QAHaLG.jpeg,0
OIP-Wr8V9qxDW_igpzGCc5z_WQHaHa.jpeg,0
OIP-wRdwoyWQ-b9RIhBaNl10aAHaFn.jpeg,0
OIP-Wre8KAMEtPifbbgXkZmrJQHaC0.jpeg,0
OIP-WRg5JB02XI7RR7EHiieVwwHaJP.jpeg,0
OIP-ws2h3X3_VO-P5TWBwGPgAAHaGS.jpeg,0
OIP-wS2RDFxCGzJbnYFSK5_pOAAAAA.jpeg,0
OIP-wS4mMAsTIzn67-mak0ZxsAHaG4.jpeg,0
OIP-Ws93ZgV0E3p9NfGLzqonLwHaFj.jpeg,0
OIP-Wsaq_1pl3uCgMpZTTpvEqQHaGi.jpeg,0
OIP-WSED64KacGyqlIX36jatrQHaLH.jpeg,0
OIP-WSF034Ua1FTAlmOiHgCfNAHaFE.jpeg,0
OIP-WSH5exN5dlElKLy8yLiyLwHaJ4.jpeg,0
OIP-wSLD6nmbswmCp1xjgCUv6wHaFj.jpeg,0
OIP-WsTZhtAO3OQVuWktoX-IUAHaE9.jpeg,0
OIP-Wt_Ea5fO0yhW3quSIg8b7AHaFj.jpeg,0
OIP-wt8mnRiEaqs48gnQ-SqgWwHaKO.jpeg,0
OIP-Wt8tQqYQ8v0DVZMdX4aOiQHaHZ.jpeg,0
OIP-WtbN-_xqCUEcs1qRowALYgHaLH.jpeg,0
OIP-WTdlrkMb78P0XqTb_DoypwHaHa.jpeg,0
OIP-wTDXgsIP5nrfYgruXyt3ZAHaEK.jpeg,0
OIP-wteOhtLf3fGhjZC9H5hzEgHaE_.jpeg,0
OIP-WTFhQqD88fBJqFbfVlHSEwHaFa.jpeg,0
OIP-wtgNElQHU9FtH2YUI-VG4gHaE6.jpeg,0
OIP-WTi5QemyvV0Tj8vQO3Bo2QHaFj.jpeg,0
OIP-WTkndM8a1EED3lpiFJKuHwHaE-.jpeg,0
OIP-wTPbDnxC40WA2REX-KuSWQHaHa.jpeg,0
OIP-wTq7S0kCdwliX9ElEZ-ilgHaFj.jpeg,0
OIP-wTW3WV6asUdZxtrS6pZLoAHaEK.jpeg,0
OIP-wtZ1WIdMpsWvauhCK0ElQQHaGJ.jpeg,0
OIP-wu_uEceBYWUW3eur1apiigHaG5.jpeg,0
OIP-WU3IhZu3oZCUFvYxU9cdsgHaGQ.jpeg,0
OIP-wu4G_-yVjip8s26RjSiobAHaF4.jpeg,0
OIP-WU7GPL_L3C-d7d9tV11LmQHaFj.jpeg,0
OIP-wu8pLIRGjAw6TTJM2PfGlgHaH4.jpeg,0
OIP-WuAbibr1sF9LzkKqS6PPzgHaFl.jpeg,0
OIP-wUCPi8hI9JVO8eVj9oaAlgHaE6.jpeg,0
OIP-WudE1B76nWld9zmgOongWgHaFj.jpeg,0
OIP-WUE6Bd5mWkjAE1x5u8UXQwHaFj.jpeg,0
OIP-wUfr56atZrSlV9zrUA8PUgHaFR.jpeg,0
OIP-WUftdiZO_gNVP-6yUvEMZwHaF2.jpeg,0
OIP-wugDSDO8WeX1n_biW-gyHAHaF7.jpeg,0
OIP-wuGlaTGrPnpDPMY77vHcHAHaE6.jpeg,0
OIP-wuk6UjoTI_SVXP-2BTzBxAHaEv.jpeg,0
OIP-wUljn1ZWtXmqdWP904o4oAHaIM.jpeg,0
OIP-WULT2zmgoZ8pNwaGiY8LugHGHg.jpeg,0
OIP-WunXBG3mMB_hLCDnp_N27QHaE6.jpeg,0
OIP-WUO9_uC4tDQkxRFwfw4zVAHaFj.jpeg,0
OIP-WUorxY5OQ_RXou-lX87uhAHaFf.jpeg,0
OIP-WUt3IOqhdvzn29Qg74MBLQHaHg.jpeg,0
OIP-W-uUxHx-yovp1DQNtX1qdQHaFk.jpeg,0
OIP-WUvOFjT7GkuaBlwogDyQvgHaHa.jpeg,0
OIP-wuwAtiCPjDNoeRZe9oDWqgHaE7.jpeg,0
OIP-WuyR7D_RWvCwMl99evZ-LAHaFj.jpeg,0
OIP-wuZWufcV0ndXd69A-shAoAHaJ4.jpeg,0
OIP-WV3AV0AER7ow9bKhbkf_uAHaFj.jpeg,0
OIP-wv9eIefbFqs4ONjRsU7h9AHaGa.jpeg,0
OIP-wVAmBvPpLc-2tjz3b6ymIAHaE7.jpeg,0
OIP-wvC8wQ46CjP8MNNwH5iHTgHaE8.jpeg,0
OIP-WvDm7zHBeyp-YDhROGQKxwHaEK.jpeg,0
OIP-wVe9VAsJbMe_CJCFOy4tswHaIf.jpeg,0
OIP-wVig0n4cvo-s6IZtpGdT-gEsEs.jpeg,0
OIP-Wvjf6by7rQwvDB8t-FV7VwHaHo.jpeg,0
OIP-WvKCGlAssBwbgcXB0_fq1AAAAA.jpeg,0
OIP-WVkk1rin0wqPM4G52XAEtwAAAA.jpeg,0
OIP-WvKqBqznWavK7uosNE7GOQHaFj.jpeg,0
OIP-WVlkn8rm7Q--hAnIRgWO8QHaE8.jpeg,0
OIP-Wvo3KlAsuiDH108QKeg5nwHaFj.jpeg,0
OIP-wVOd3kPHiYyOlOtc2digdwHaF1.jpeg,0
OIP-wvOrfQV4FSqzOD6993DvnQHaFj.jpeg,0
OIP-wVReIznEv7u44dqIxio1sQHaJy.jpeg,0
OIP-wVrvFhWSPtYijQnLY2xmvQHaFS.jpeg,0
OIP-wVsE0wbGtVkgIhOC2LNFqwHaGL.jpeg,0
OIP-wvv2NZnKhscHXMdXCAuy6gHaI7.jpeg,0
OIP-wVWgwNRarrjhmtQEMgTG5wHaFi.jpeg,0
OIP-Ww809T7H6CHiIzJ1I9yMcwHaE8.jpeg,0
OIP-ww8Qcp6ZFf1OjlkZtYL6BwHaFj.jpeg,0
OIP--wwBOBk0nmB_9ylIezyehAHaE8.jpeg,0
OIP-WWBWlBKPAuhxuhCPKQwEhwHaE8.jpeg,0
OIP-wWCPYFsYnV0BShvASXH7EQHaFj.jpeg,0
OIP-Wwf9anT0-by4HYTribqN2AHaHa.jpeg,0
OIP-WWFZXI-Sp4NQnSRKCxK-ygHaFi.jpeg,0
OIP-wwG30XMXkCBg37i4AbLTkgHaOL.jpeg,0
OIP-WWG9YtXg98xTcSMW04K99gAAAA.jpeg,0
OIP-WWHwYuBtHD3uCewPOJoJigHaFj.jpeg,0
OIP-WWIbHaOiVbivat84mtlruQHaFj.jpeg,0
OIP-wWjFRKd0WIn02cogksRPQgHaK6.jpeg,0
OIP-WwJjQPB1ZIvJIG8OZFd4ggHaFk.jpeg,0
OIP-WWKX1rtCYVpSiVbSBxj79QHaFc.jpeg,0
OIP-WWL6KdUAHsENH5UTGOrGHAAAAA.jpeg,0
OIP-WWOPElXAjGLWK4xurtEU-AHaGJ.jpeg,0
OIP-WWOWGQiSdQmpVikdmE9BNAHaJ4.jpeg,0
OIP-WWPTi27AZ62J3ZgS0OGBxwHaE6.jpeg,0
OIP-wwQkTDiFjJgFcsDMj-Ci2wHaF7.jpeg,0
OIP-wwRbJxMdNHtgvFG7_f7tNwHaFC.jpeg,0
OIP-wWRnEl17SyAfUidiawJvBwHaFb.jpeg,0
OIP-wWV0GeHUiO2J4c_mqvkrgQHaFj.jpeg,0
OIP-wWvGwlvm8uPJe2Lk3UunlAAAAA.jpeg,0
OIP-WWvS3CjKNC_nW1TQHymS5QAAAA.jpeg,0
OIP-wWVt3CC-AYHlakBn1CsenAEsDH.jpeg,0
OIP-WwwM9NUAgLw2ze_sglNiXQHaFj.jpeg,0
OIP-wwydM_nSjR4syjDzl3NV3AAAAA.jpeg,0
OIP-WwZcjvvyYYB-N6C6FJPbGgAAAA.jpeg,0
OIP-WwZkQrl2-P6yALElziRuoQHaE8.jpeg,0
OIP-wX1_OanXkh5Nk5NChD623AHaEo.jpeg,0
OIP-wx41Rb-vF01wM2JKXpUbzgHaFe.jpeg,0
OIP-WX866jQdC9iDKhRnCkGylQHaE8.jpeg,0
OIP-WXbRRL_VxKvH9qU3qRHSjAHaE1.jpeg,0
OIP-WXBW-YWWoukfgKBBw7f5BQHaE9.jpeg,0
OIP-WXbZQAEdxDjAcDOr0rag5QHaE8.jpeg,0
OIP-wxCffksAFW6XW3T_lJfclgHaE8.jpeg,0
OIP-WxCtElJfOBam7buQspsRdAHaE8.jpeg,0
OIP-wXJ6DO8w_s3eLhbT-E4RIwHaFj.jpeg,0
OIP-wxKaLAcA94Sf5lyZ65A08gHaFs.jpeg,0
OIP-Wxm2QlAzZ7yOwa8DOxpp9wHaHi.jpeg,0
OIP-wXm6YPCe18f_03XtMxvDmAHaGk.jpeg,0
OIP-WXn6iLkv-ssqv0ymchBV0gHaE7.jpeg,0
OIP-wXoMg_tz1HwMD-8p8U9EVgHaHa.jpeg,0
OIP-wXP5oHVZqbIYX_ptdL7PBQHaFL.jpeg,0
OIP--wxpXf9kgp4ryj17aljk9gHaDy.jpeg,0
OIP-wxqJpFP1DaaC9TgpvMuQMgHaD7.jpeg,0
OIP-WXQnawzJnavgJQrAG0hXQwHaE7.jpeg,0
OIP-wXQYTcHD-zQsu4MNu83tpgHaF_.jpeg,0
OIP-WXrxR1iy58T-84JSzZbTywHaEl.jpeg,0
OIP-Wxs7WUFRZ_Sj3JfPdFtCxQHaFX.jpeg,0
OIP-wXuoeKC43Rgh1QhSk_APHwHaHT.jpeg,0
OIP-wxYUvc6Qnm_vjjL9c9QZZwHaFj.jpeg,0
OIP-wy_MwzyDEbQ8Uqv38A1e9QHaFj.jpeg,0
OIP-wYAQ5t0n29TRNPZleLxTDgHaE8.jpeg,0
OIP-wYD-yZR-zUxveUPlXIayjgHaFa.jpeg,0
OIP-wykx97NcAm8DP8o_xdUv3gHaGS.jpeg,0
OIP-wYlDgIwhshrLG3C2shfsJgHaKJ.jpeg,0
OIP-WYLD-z6-0vNCnf1McIqYVgHaFj.jpeg,0
OIP-wYm0uf6oTmZ28486H2eDZgHaKO.jpeg,0
OIP-wYmfvnF35HbZdk-u-9JpLwHaFS.jpeg,0
OIP-WYnViEIifkGjHsCHgafktwHaHE.jpeg,0
OIP-WYooAKLg0Zm1e556xXPLkQHaE7.jpeg,0
OIP-wyRNL94t8xbLHe3lqxmQ5gHaG2.jpeg,0
OIP-wYScQm7wyxoQuUdbUVtBzAHaE-.jpeg,0
OIP-WYtTfe5-MuaoaNmJ-c5PCwHaFo.jpeg,0
OIP-wYua6BInbuca9Jr0eWZrkAHaFj.jpeg,0
OIP-WyUH_Kr0IU1bDEC5z4CwjQHaDO.jpeg,0
OIP-WyvsEQPONhaoRAekH7X-OQHaFp.jpeg,0
OIP-WyxhZvWDczsf4gCDhexq4QHaEK.jpeg,0
OIP-WyYdlZhhbbM1D0QoMbguSAAAAA.jpeg,0
OIP-WYZvVRjTMa6U6kX8dlSNTQHaFj.jpeg,0
OIP-WyZzzmbtt1h3g9cyvobW6AHaIR.jpeg,0
OIP-Wz5gXcLLC2SFFk_wog3J9QHaFj.jpeg,0
OIP-WZ6ZmPpywpcZUCnqE_6cxwHaFH.jpeg,0
OIP-WZ8jmYdHahySJ1yKVC_9zgHaEK.jpeg,0
OIP-wz8jvnCkjqAklWzE6ZdgIQHaFd.jpeg,0
OIP-WZ9sAaxwmWfW8EpsBnQQuwEsEA.jpeg,0
OIP-WZ-az-AqKuUR0SuOn2g4JwHaFj.jpeg,0
OIP-wZE2UxDS2vNxmnXSuSpJ6wHaFw.jpeg,0
OIP-wzg3Nx2Cjpp72llQtkl3YQHaIp.jpeg,0
OIP-WZHi3EwD7cCjCDhP3kec9gHaLH.jpeg,0
OIP-wZi8rVRIynW2fNAJAb9d3AHaFu.jpeg,0
OIP-WZqiyBv97f5fkp5jXO9YuAHaE8.jpeg,0
OIP-wzRVVYCmsBJdnWa4jYe2FwHaEK.jpeg,0
OIP-wzukzoRO00rDBtM0I3o4UQHaEK.jpeg,0
OIP-WZVG4-0q-RZkNAuNXYmx5AHaFj.jpeg,0
OIP-wZXgkanUsl1q7Mzh0IliegHaEK.jpeg,0
OIP-Wz-YLMnG4nKq1RK5ye4aYwHaE8.jpeg,0
OIP-x_19ZG16UzgBUjdOouHrbAHaE6.jpeg,0
OIP-x_5yzPAHxHrgrGGFFDtJRAHaFP.jpeg,0
OIP-x_amxsCMAJI87pjr-uDYPwHaF1.jpeg,0
OIP-X_I2std7YBCSf7neY2AVXQHaHa.jpeg,0
OIP-X_i32VmBmdWZDYmMVmOmFAHaE6.jpeg,0
OIP-X_l3TNL9VgL7NLk3Wc6y-wHaGR.jpeg,0
OIP-x_NZ3IJd0PDNwDqR9rUcwwHaIo.jpeg,0
OIP-X_YJ4fNxjIX84Zw63vMXIwHaKp.jpeg,0
OIP-x05i_4vOnjRzKJtPQJk3MQAAAA.jpeg,0
OIP-X06OKF5C7fJSwravlKrGeAHaF0.jpeg,0
OIP-X0bF7rxRrJi2OLSBl29CngHaFa.jpeg,0
OIP-x0Dp-KGt9zIOOGZUMA0fyAHaEb.jpeg,0
OIP-X0fOsD8rYnzPBJu58_ruJAHaFj.jpeg,0
OIP-x0iiLob-rUcBGmnik9E1uAHaE8.jpeg,0
OIP-X0ocSrQqvPeEThJvxAYfCAHaEK.jpeg,0
OIP-X0rI4MBnS7L-Ou04MBa2KwHaHa.jpeg,0
OIP-X0SHV7GxWQ906yaI6rB_QQHaFj.jpeg,0
OIP-X0Vo95GSSVfoTykVxig5AwHaE7.jpeg,0
OIP-X0XGe1dNXlj9GXBCjkYa6wHaE8.jpeg,0
OIP-x1221SmHfHYxYhi-h8EhPQEsDJ.jpeg,0
OIP-X1AH4cGy1z5RD2P8uX8fqgHaEg.jpeg,0
OIP-x1dmwXyO7sHratpL_SI8VQHaFC.jpeg,0
OIP-X1GY4w4GhMTucKNBtmj-5QHaGe.jpeg,0
OIP-X1IO8YIuch2hZMHk_8JbxQHaE8.jpeg,0
OIP-x1kP3z5W79sdVE9-EX-XAgHaFb.jpeg,0
OIP--x27pzmqKNWoVk2gGyO69AHaFj.jpeg,0
OIP-X2AG2U62odgwKSAEIIueqgHaEK.jpeg,0
OIP-X-2bq832efjCiibnvo-4kAHaFd.jpeg,0
OIP-x2e0nJJuV_iFvpOQzn7yGAHaE8.jpeg,0
OIP-X2E1a_EouTDQRkNephligQHaF7.jpeg,0
OIP-X2h7PXY3k3n9nVubDKRNQwAAAA.jpeg,0
OIP-X2hbB4ZsmmUni-YRfsxmzgHaDa.jpeg,0
OIP-X2IpEQq3e2WMlPz0dUzwYQHaER.jpeg,0
OIP-x2jnokHAYOLaRfv_pl6jTgHaE8.jpeg,0
OIP-X2Ksd_DWFAX9RMNN7jbA-wHaFj.jpeg,0
OIP-x2lGHBugBfNQ586CzMTUoAHaGL.jpeg,0
OIP-x2N9royPLMYg5YR3Jq-EBwHaGB.jpeg,0
OIP-x2rOKB74-fUGxTSlSEsfOAHaF7.jpeg,0
OIP-x2S3w9PMWd1RD2vZq9orEgHaJm.jpeg,0
OIP-X2SlzCDxyECfwK8hhyUCFgHaF7.jpeg,0
OIP-x2UTxEv4vHocMBqQSBQ_EAHaFj.jpeg,0
OIP-X2xaPcWUw0wXTnSXH1koIAHaFQ.jpeg,0
OIP-x2ylUNu28q4V3LeCtPGh-gHaFS.jpeg,0
OIP-x31Yw6VVByGTzpD2dCTW-gHaGE.jpeg,0
OIP-x34wLO7AITE20NKf-aqMkQHaKi.jpeg,0
OIP-x3ds-GLfBdrjkAMkSfQSDwHaE9.jpeg,0
OIP-X3EMgzqtwZ4TUBtY9r8bfgHaIH.jpeg,0
OIP-x3gyWOeXEv4CYC4GyXbcQQHaJI.jpeg,0
OIP-x3j4dh5yqBXjD-hhy3UiZAHaEK.jpeg,0
OIP-X3j4x3DwAXwRBYkFuuimPgDIEs.jpeg,0
OIP-x3jsbWE986Zyz0Qjx2aMUAHaFV.jpeg,0
OIP-X3k8JqgFU1JaY3PSayGwRAAAAA.jpeg,0
OIP-x3KN3jQLURJlZ0Ddw2ZpOwEsDH.jpeg,0
OIP-X3oXXSvr9QGm7wiR7_fsWgHaGQ.jpeg,0
OIP-x3pK0Vgdy5FMRXTzz5SOjQHaFj.jpeg,0
OIP-x3tMJx9_3V7F4OkFMVOErAHaHg.jpeg,0
OIP-X3vfaN5PsndVnae8mcdlcQHaGl.jpeg,0
OIP-X3Za0rSJ5I99Z7VCu2XV0AHaIC.jpeg,0
OIP-X3Zm_Ji2L7Ww4DY_PMb36AHaFh.jpeg,0
OIP-x4e6igonpr1ImnMoQG0POQHaFj.jpeg,0
OIP-X4pFQNiqBeU8e3z8hxPp5gAAAA.jpeg,0
OIP-x4y86HtJFCCWBcvF9vm40gHaEK.jpeg,0
OIP-x4zOVsLV23fNe1uSD80MbAHaE8.jpeg,0
OIP-X4Zv3O65DUGXtrCWdoplIgHaE8.jpeg,0
OIP-X56EDRgE5NseoZH8EEQwVgHaEs.jpeg,0
OIP-X5ECDHduIpuXQVim7_BjtAHaGK.jpeg,0
OIP-X5I-OsXafG1Vj11-mRbQTwEnDT.jpeg,0
OIP-x5isiNLWifFz78xdkMvUwgHaFj.jpeg,0
OIP-X5QZiLUvlFdC1SHrJV87jAHaEI.jpeg,0
OIP-x5XZIAL9w2n82iUDyb731gHaFj.jpeg,0
OIP-X6bibl4h9IHwSZP9x43OkgHaJ4.jpeg,0
OIP-x6RElHPuDxtEHl_xRxGrXgHaJ4.jpeg,0
OIP-X6S-X5KAyxVrp_6B0hrMuQHaFj.jpeg,0
OIP-X-6To3pyhPOK3sDPmNVHYAHaE8.jpeg,0
OIP-x6XauUDVQVP1jVYl0HV-GQHaE9.jpeg,0
OIP-x72m8HffBGDxgob9tjhncAHaFp.jpeg,0
OIP-x7AP_K0gzCu9A7DGjb6gVwHaFD.jpeg,0
OIP-X-7heV71-K4qFIZwBxHzzwHaID.jpeg,0
OIP-x7-kaoaetJ7yKIMIysmIlAHaFj.jpeg,0
OIP-x7TlMccOxT4A6ddemFGBygHaLH.jpeg,0
OIP-x87eI76ayUWmQ2iAfxvNMgHaFT.jpeg,0
OIP-X89q8gyfppMwjNCzqfVXGgHaFU.jpeg,0
OIP-x8F4iEAgWHTwovvRCcehzwHaHT.jpeg,0
OIP-X8Niaon1kFWpYdCfS5ZFCAHaFj.jpeg,0
OIP-x8oUZEpLXGxfkLiBmtcVzgHaHT.jpeg,0
OIP-X8R-BSX5fSS9-fGbi9rOWwHaFj.jpeg,0
OIP-x8UDEPzZFdaklbBY4wlFSgHaF4.jpeg,0
OIP-x8UREud4Xv9ZLKcjGlvdGgHaFc.jpeg,0
OIP-X8wnH2QcpVRn_MCRQZhVyAHaDf.jpeg,0
OIP-x9_0VHOffiiJ-m64qlRe-AHaE6.jpeg,0
OIP-x96A6eQAvSBELmZfUpzE2AHaFj.jpeg,0
OIP-x9Dc7A0k2NT5cXqmBw2pYQHaIY.jpeg,0
OIP-x9DC-u9s3LrRvHK2d3qvQwHaI2.jpeg,0
OIP-x9E02WEN9UxGcgXj3VblhAHaE8.jpeg,0
OIP-X9fLNZDvdqCvsuXclGgElgHaHa.jpeg,0
OIP-X9GqFpai3yaTvy-Y8rF03gHaE7.jpeg,0
OIP-X9i_BwR-Z1xM5KW85FWPAwHaGK.jpeg,0
OIP-X9NDHfv4RPGsdq946burgQHaFb.jpeg,0
OIP-X9NfkuWHt8gVP7Ejyck5iAHaF7.jpeg,0
OIP-X9NXaENPWEcdseDGW2JTowHaE5.jpeg,0
OIP-x9o6Qi-jNh9YvA9si3h-QwHaFj.jpeg,0
OIP-X9Ug7k486qRHdS_oNaDuEAHaE9.jpeg,0
OIP-X9ulPw9mKEE0Q0O0cx4WPgEsDw.jpeg,0
OIP-X9vg6Q0GfqgmJA_gyxj1SQHaFj.jpeg,0
OIP-x9Yv6Fx7LtvcdX82W7mlWAHaLI.jpeg,0
OIP-XA0ROOzLhxdVaeNRHRaS5AHaFW.jpeg,0
OIP-XA3lN5C3FhxuAtPAkn6gawHaK2.jpeg,0
OIP-XA3st4apEJUBWSSW_SBXigHaFj.jpeg,0
OIP-X-a3t3aeF084JmlQz1D5tgHaHT.jpeg,0
OIP-xA7nhnFzcWBR9Bx2BgRVCgHaFX.jpeg,0
OIP-Xa9PvNZZH3CXAty_NoZC5wHaE7.jpeg,0
OIP-XAa5XVgJdSZt7k6kAWcLIwHaG6.jpeg,0
OIP-XAAdpegltXKCpJ3VmaZZNQHaFj.jpeg,0
OIP-XaBG6Ru8x_JSVaXS2T_RlAAAAA.jpeg,0
OIP-XAbI7HechtUN0T2Ty82X8AHaE8.jpeg,0
OIP-XabSJzKiPMvQJC72y4t3pQAAAA.jpeg,0
OIP-XAfdgPHWadQqELLXSGQ08gHaE8.jpeg,0
OIP-xAgLHaC7xq3sEnxNK9alDAHaEI.jpeg,0
OIP-XAi1ivkAAKgNerQsF1evzgHaE8.jpeg,0
OIP-xaiawbgYYJSU8sEl9rgvfwHaHa.jpeg,0
OIP-XaIJPIPEsteXRoleSNA9CwHaFj.jpeg,0
OIP-xAM1BZ7i0uSpLTzc0ORUCgHaHa.jpeg,0
OIP-xAMh8SSTDjhFVOWW3q4ROQHaFc.jpeg,0
OIP-XAmmbfpVnfbEPuKAdzwJngHaH6.jpeg,0
OIP-xAo0Vn2FXk0HwYM91Xeb-AHaFd.jpeg,0
OIP-xAP1so5BgYcLxRIUhVYUAgHaFW.jpeg,0
OIP-XAqy9B_BVqOTeliGJ8dmeAHaJi.jpeg,0
OIP-XARSde5vRx4md3MicumNgAHaH2.jpeg,0
OIP-xAs5GWkLXO3uUM4ahxOmAwHaE5.jpeg,0
OIP-xAsFeV_vJ-gpQqUIIZ_dnAHaF0.jpeg,0
OIP-xATD-TaiypckbsJ3gjLIGAHaEK.jpeg,0
OIP-XAtUbH4ib1itYFJH-0mV6gHaE7.jpeg,0
OIP-XaWu3oAZTTIBtOuSaMGndAHaFn.jpeg,0
OIP-XaY_8caZjAoQPqk7LuALSgHaE_.jpeg,0
OIP-Xaz1S_qI71y4KMxSUBkXbgHaE8.jpeg,0
OIP-XB2aZ_ar8-_PD1cVHAXywgHaE8.jpeg,0
OIP-XBcYc-aN1FNbDwPUJDrXIQAAAA.jpeg,0
OIP-XbD2fzr9b2yCC0wJ1YNOQgHaFB.jpeg,0
OIP-xBeDxoB7JvirS76ZY_FYTQHaFj.jpeg,0
OIP-XbgNJmO9flmaFB30LSP1FwHaE7.jpeg,0
OIP-xBH5IZcGx1ykrX0-j7V59wHaE_.jpeg,0
OIP-xbHvqxV9bvly5jPWJ7M_hwHaHa.jpeg,0
OIP-XbNfQqykzwkleYqfuMjNpwHaLI.jpeg,0
OIP-xbpTROO0gYplf5VD00esCgHaE1.jpeg,0
OIP-xBug0Zy8Q-_hjyTxiewDlAHaDP.jpeg,0
OIP-XbwyNiLXMnEr4PuRteVq_wHaE7.jpeg,0
OIP-XBzg1qG8z54WeFcM593gRAAAAA.jpeg,0
OIP-XbZThqzeVaU6b5spXnImRQHaD0.jpeg,0
OIP-XC_DM2rcHBcEEMJ_9NlxqwHaF6.jpeg,0
OIP-XC86OfGsFlKyRzQJLBLVCgHaLS.jpeg,0
OIP-xc8Cj3JJ7uw5SAmbvXxFLwAAAA.jpeg,0
OIP-XCbjKuMA-wPyRgoZ69xgIAHaFS.jpeg,0
OIP-xccgCwlldhBeqZiX5BSgLgHaFj.jpeg,0
OIP-XCCk0b6fRU-1L2Nl7CMPcAHaFc.jpeg,0
OIP-xcDj6xAzgyNNpOfeuTYqugHaKH.jpeg,0
OIP-XCfV9WZD9__QeifuV1hFKQHaE8.jpeg,0
OIP-xcHA4Gzvw3X3CG5KuoHb3AAAAA.jpeg,0
OIP-XCiSoZgoAOa_UTV8gjA0UQHaJl.jpeg,0
OIP-XCjHW9nCK8OX_6m6itp9-wHaE8.jpeg,0
OIP-XCkzhOofHq6pJpyrZsJsswHaEK.jpeg,0
OIP-XCmguiL5lgkc5_3ggWTeSAHaEc.jpeg,0
OIP-XCON-ZnizbVF68MwZnpU9wHaFS.jpeg,0
OIP-XCosQ3aUb80kxgfaZKWNsgHaDU.jpeg,0
OIP-XCRrwZavvrOiOoqYI58RKAHaFj.jpeg,0
OIP-xc-T4UhqwDPZh0A80SjYQwHaFD.jpeg,0
OIP-xctm3qD_uHfARSirFf4dKAHaFL.jpeg,0
OIP-XCWDD_YxhGH2HEmvVv8DlwHaFn.jpeg,0
OIP-xD17liR4DvY10zbOCNl4ggHaE7.jpeg,0
OIP-XD3l9OwZedtSEEAKS5eCkgHaE7.jpeg,0
OIP-xd44kuZYUZ3JKJj0JsWkJAHaE8.jpeg,0
OIP-xd8P0xBB8F-MFxQBt0lPEQHaE5.jpeg,0
OIP-XDbw6gwM39vGqXTujHy4_QHaF7.jpeg,0
OIP-XDdmrMff7GOXFQm_yTWRgwHaE7.jpeg,0
OIP-XdeMtkt3HuX7w0he5zRi8wHaFN.jpeg,0
OIP-xdFnuPTRHgsXzNBFRWX_MAHaD4.jpeg,0
OIP-xdIAwrUoJuQtLE4ocYz86QHaE3.jpeg,0
OIP-XdJOkr8hCvXQ3mh34bKHAwHaE7.jpeg,0
OIP-xDlYQ0qANUY0KleKPXLgAwHaNJ.jpeg,0
OIP-xDNMDfAdG7DSnHcxPbB9WAHaGg.jpeg,0
OIP--xdNtr7NfOzIBj7A4ru5GwHaFj.jpeg,0
OIP-xdNYbxaSIK2qkzaMOMrIGQAAAA.jpeg,0
OIP-xDo6BZwNzrV4wDf3WgtFMgHaEX.jpeg,0
OIP-xDU94QOoRoMsG24LuMImHgHaLB.jpeg,0
OIP-xDV4LueDw5KMFnknqNY4YgHaFQ.jpeg,0
OIP-xdXuJfdwkBVVbXWf_SoQOQHaEJ.jpeg,0
OIP-XdyNLcngOq4jXUGEf1QQLAHaE8.jpeg,0
OIP-xe8DkcG25_Fco7XFhB4QLQHaHa.jpeg,0
OIP-xE9svqIRbB-AKLcJ8W2V4QHaFN.jpeg,0
OIP-XeAAjmpNEsMLH352OhC_TQHaFj.jpeg,0
OIP-xEArvWOocr5H8TNsoU3pWgAAAA.jpeg,0
OIP-X-eAT-e5JI2r5FXFjBnVbwHaJD.jpeg,0
OIP-xeczKa5df0lAwrWgmz9VuwHaIW.jpeg,0
OIP-XEDraxI0eaDDI7e-IcSe0gHaFj.jpeg,0
OIP-xEHIIv0tKmHGjOs7IdFAVAHaE8.jpeg,0
OIP-xEIAkajln0z7dhpFFXnCaQHaGc.jpeg,0
OIP-xekdCC8_B13txwXWs8xy9AHaE8.jpeg,0
OIP-XekZHKPhJAmKNiq7_RN6rgAAAA.jpeg,0
OIP-XeMJjKcNnMcc4xa3TYQIlQHaJ4.jpeg,0
OIP-XeoBGVIlWNd2t-Pl5GRFwwHaJB.jpeg,0
OIP-XeP2Sa6kuP8-X7JYQIpdJAHaG_.jpeg,0
OIP-xeQEhr_GDmC61igAb0NHNwHaE7.jpeg,0
OIP-xerHphSDlAQyChF1uj6KLwHaHZ.jpeg,0
OIP-XeRVyi3T2sAqk5mQMnJU-gHaFy.jpeg,0
OIP-xexQEqpEE-Mye61_ddq_egHaFI.jpeg,0
OIP-XEysXe5hzrxAQfMJieU8AgHaE7.jpeg,0
OIP-xEZofc-uA-2E7A9PNXuDxAHaJ4.jpeg,0
OIP-XEZZ2ywkiY1wMwSyzZ9gZQHaFj.jpeg,0
OIP-xF0nRwKL0hrAGfW0CyP23wHaJQ.jpeg,0
OIP--Xf0qbc8IfvsFJWyF34-BgHaFm.jpeg,0
OIP-xf5CztduzS9rciZs5qygTwAAAA.jpeg,0
OIP-xf8n1B_teLq_I2S03QmjRAHaH5.jpeg,0
OIP-xf9B4n5iFJfl94aQaOx3SQHaFi.jpeg,0
OIP-xfdbuJ-wnrwwmiiQcb3tPwHaG9.jpeg,0
OIP-XfhNag6hOAMM3FwSFrhyUQHaKs.jpeg,0
OIP-XfHxNBvOaJr2pBrHq4S19gHaJU.jpeg,0
OIP-XfItM10jklbjY3q6pkhkqgHaFj.jpeg,0
OIP-XfJwEibmHvAKosPNNTeZlgHaHy.jpeg,0
OIP-XFK_mksXhILOMkPiTMXA3gHaFI.jpeg,0
OIP-xfK_un2sv5DINGCyCff9mQHaFj.jpeg,0
OIP-xfkiC8RyM2BN8AmVKTV4gwHaFy.jpeg,0
OIP-XFkY7tOeeU6Rrm1sJErYfQHaFq.jpeg,0
OIP-xfmdwB7Fp2Bac27kgL1BfgHaHa.jpeg,0
OIP-xfME31s1DE5i_Ed1MATVmgHaJQ.jpeg,0
OIP-XfmqUh28rhn1WIdiL-SeOQHaKA.jpeg,0
OIP-Xfn6OcfGOUi-VTPy4_-B4wHaD2.jpeg,0
OIP-XfPAej4l9O5gdSbJNpJprgHaE6.jpeg,0
OIP-xFqlOIdRXLdl0gFJtyFUzwHaFj.jpeg,0
OIP-XFqNpA_rpqF52C2CSjHQDwHaFd.jpeg,0
OIP-xFSaRShrPlLI4Ey-UbLRAAHaFi.jpeg,0
OIP-xFSeZnrbmHoG9KhzAmQ1UQHaE6.jpeg,0
OIP-xfSR8-AwvbpmGcaFrhRWkwHaGK.jpeg,0
OIP-xFwGdxiPOE56cr0dNN9HhwHaE8.jpeg,0
OIP-xG0w41Y3RCTk8EuFgU2pBAHaFG.jpeg,0
OIP-Xg4Rv-IzKp4yXHvJnOPHPAHaFj.jpeg,0
OIP-xg8RhMkE-4cbKK_vJBMCIwHaFj.jpeg,0
OIP-xgax_8izswzmRrA2aVbq0gHaE8.jpeg,0
OIP-x-gCvAEdOu9BPX7sw_xlggHaFh.jpeg,0
OIP-XGdXxP-VD6sIfocHYT4HcQHaFj.jpeg,0
OIP-xgFf-Ml32-4VU0wOFwUf0gEsD3.jpeg,0
OIP-XGfG6y0u0x6zPseEdFMGCQHaGB.jpeg,0
OIP-XGGG7tPk3-S0ViKAbT1qvgHaE7.jpeg,0
OIP-xGHoslMYcJ5mFqkWeZrRxQHaD_.jpeg,0
OIP-xgIxW9muew-H9NIVH2l09gEsDN.jpeg,0
OIP-xGMduV9344nHRhCIhqUtvAHaGg.jpeg,0
OIP-XgoEtJiF5hX2tE0-01avggFKC8.jpeg,0
OIP-xGpgXZpogr4n-JG5h8PBWQHaFk.jpeg,0
OIP-X--GpyamIFDz8oGHSS5BLAHaEt.jpeg,0
OIP-xGSplJMh097IOo7Y4l7IjQHaJ4.jpeg,0
OIP-XGtDdPSwiHHbf9TYi2jorAHaFj.jpeg,0
OIP-XGuESeJk6hmLYlTk2_SoTgHaFj.jpeg,0
OIP-Xgvx8oy3gCgXb51b8vRcnQHaHa.jpeg,0
OIP-xgWzr1awS6F7dHs9-MQLZQHaFi.jpeg,0
OIP-XGXeK06cT5e8Ozu6HjSgiAHaFj.jpeg,0
OIP-xgXQ0j3farIVmhbCxgyCBwHaHN.jpeg,0
OIP-xgYVV7utpGt_5nk2sjZf6wHaGS.jpeg,0
OIP-XGZqKHOq-ht96RjQ_K3UiwHaHa.jpeg,0
OIP-XH1xtiJuRA8kTfTZo_M9cgHaDj.jpeg,0
OIP-xH5dObcxVpJvOO8eeGSydgAAAA.jpeg,0
OIP-XH7U2-xVgri8jWV-nrXK3gAAAA.jpeg,0
OIP-XHaJ-fYO1esI_8bGXM4lgwHaH6.jpeg,0
OIP-xHbLj3-k_fiwCcfSgC8lPgHaKX.jpeg,0
OIP-xhf_1P_-y7rKd9A9TCnKlQHaEo.jpeg,0
OIP-Xh-FAj1FvJ4XzL3zjTP2zgHaFq.jpeg,0
OIP-XHhbkyELHtbvdoDrAV8XygAAAA.jpeg,0
OIP-XhINKQckEZ0aN6Ses20eIQHaF1.jpeg,0
OIP-xHj3tr5Y5nv29Y94EkZaBQHaHw.jpeg,0
OIP-xhJgAZA0cru3YetCuS1UgwHaIm.jpeg,0
OIP-XhJy8Bticg5rsa4SfWlRfwHaFj.jpeg,0
OIP-xHknkDe-4LWBnPVffyA6MQHaFY.jpeg,0
OIP-xHLTzljPsPyGL6irVNxu4QHaEK.jpeg,0
OIP-XhnMTPQlne654nlAuI2dPwHaGR.jpeg,0
OIP-XHOCcbaY-6rmr4Mql18bJQHaLH.jpeg,0
OIP-xhqN2cyZJTYKa8wryHxaJQHaE8.jpeg,0
OIP-XHrr9AeiI8Egrt85dSx7mwHaFj.jpeg,0
OIP-XhudNdQM_JbcZSMjwJfjkgHaFP.jpeg,0
OIP-xhvaGvk1X9a6HnCRtkkkdgHaFc.jpeg,0
OIP-XhWDQgiElgZ0RUvLgceIvgHaFa.jpeg,0
OIP-XhWn06AOqlaNrGU13RVOSwHaFS.jpeg,0
OIP-xHXeD7tZI0rEPljQzpDCCAHaFj.jpeg,0
OIP--xHycdfcuYRTTzlFGre91QHaE7.jpeg,0
OIP-xhYVgscd8b8tQAh3N56QlgHaFj.jpeg,0
OIP-XI1EKfdk1gTRqA1eMSIVMAHaE8.jpeg,0
OIP-xi24hSp3o9X1HlD3nitpVAHaEQ.jpeg,0
OIP-xi5QTYnu5IAVBlYS8AFePAAAAA.jpeg,0
OIP-xi6gC8IPNBpcTVcnATWwBAHaE6.jpeg,0
OIP-XI7MSVRPpxYBL6iKNb_8lAHaFj.jpeg,0
OIP-xI8ZG-8escqiSvM-M1zhDAHaI7.jpeg,0
OIP-xibDKLEnsvibR3BNi3RpQwHaE8.jpeg,0
OIP-XiCdsgFYiBIJQo_z2qiEkgHaEg.jpeg,0
OIP-x-iCSGz4KYSAE21RkYFUKAHaE7.jpeg,0
OIP-XiF1RUb7TbgkN2VNc76DbwHaHa.jpeg,0
OIP-XIfcDgSMAy2MFqnx5JKtgAHaH_.jpeg,0
OIP-xIFJvxXdNGYLrh0lWsIusgAAAA.jpeg,0
OIP-xiGCPI2VhBG6mg85QC2PGAHaMF.jpeg,0
OIP-xIiHP6X1dMG1wXdwrN99bgHaHa.jpeg,0
OIP-XIjipEnlUEZCE60iHKzYcwHaF7.jpeg,0
OIP-xIjp6RL8M2p_DeWiHFzgEwHaLP.jpeg,0
OIP-XiKDO42Bh-pFVG1oekkXDgHaE8.jpeg,0
OIP-XilmLIuZU0C9SsUox87L9AHaEK.jpeg,0
OIP-XInFpaaYkqn610p6tQNPGgHaFj.jpeg,0
OIP--XIpeXErEIOwRtUWh75BPAHaFj.jpeg,0
OIP-XIpit4In7_ltF0Cp-3bi7gHaFj.jpeg,0
OIP-xIPjz5ot_1CP-_rI7qlOAgHaFj.jpeg,0
OIP-XIq3UpLpB49VGtmmj6J8dQHaFd.jpeg,0
OIP--XiTXu4-Akz-yvraCtalMwHaEc.jpeg,0
OIP-XiuFqxWmyXHxc7f-hA_bCgHaE7.jpeg,0
OIP-xiUu0Ef6GQrs2X0h_sQeHwHaHa.jpeg,0
OIP-XIVCsjxSjBDDfCyyJS7EbgHaE7.jpeg,0
OIP-xivJnBzB5PM6LatQ8ksyQgHaEK.jpeg,0
OIP-xIW20evrGGmxD1Q9zQDdigHaFj.jpeg,0
OIP-Xix63IsK-GdQjCDjvCF1aAHaFN.jpeg,0
OIP-XIXj_OTlLUSOOj1XvEzzFgHaFj.jpeg,0
OIP-xiXSftfNuaIFBnKsEYcAFQHaFa.jpeg,0
OIP-XIxzwE9ixKLSxbKEE4AJEwHaE2.jpeg,0
OIP-xI--YlHB1jevVW4BILAAlQHaE6.jpeg,0
OIP-xj31ayOYpjGj5cuVHYS8SQHaE7.jpeg,0
OIP-Xj9Kl0-XgMYPhxKLPzoNXgHaEK.jpeg,0
OIP-xjA0WRLkFZOYus8274RMZAHaFj.jpeg,0
OIP-xjaXHdCZGkQbTuQdxhb6TwHaGX.jpeg,0
OIP-XJc5FGOiarA57Iw1Ct1dKAHaH2.jpeg,0
OIP-xJCTEFE4_fGYQs2DXhDcCAHaEi.jpeg,0
OIP-xJdvqyKlhb8eqTo603Cy_QAAAA.jpeg,0
OIP-xjg1RYHyhy70B1Hdb_D6xAHaFj.jpeg,0
OIP-XjgDNIdqIU3lj7k7aKW52wHaE7.jpeg,0
OIP-XJiHIz-8BUDlvXsr231QEQHaFj.jpeg,0
OIP-xjKAgPIdyArSOeG9W66qfgHaFH.jpeg,0
OIP-XJKqwheChY2YcgXqIq_rxAHaE7.jpeg,0
OIP-XJLsNPE4Pii73m9d_t5KaAHaFz.jpeg,0
OIP-xJovQjBJqwsvDbEQPcoXqwEGDt.jpeg,0
OIP-xjskiLyJ9J77rOb0ycpFigHaE8.jpeg,0
OIP-xjteDJglU3nY4PO7mzg_cAHaEG.jpeg,0
OIP-xju2nsy30CudmKbd37A-LgHaFj.jpeg,0
OIP-xJUDJvNIqlH0bfn0vPg0jgHaE7.jpeg,0
OIP-xJuqSpaD-Dmm7S7eH4KrtQHaE3.jpeg,0
OIP-xjWnJ4pG8caJHfzvVh3DcwAAAA.jpeg,0
OIP-XjWpWM0RpFa8QmH7CarydAHaF_.jpeg,0
OIP-xJx9XtLBNi8clvOtVFUNqwHaGO.jpeg,0
OIP-Xjxzf-Q1-1q6x095SJwVNwHaEo.jpeg,0
OIP-xjyAFPhVJqREX6AfbEUfhgHaFj.jpeg,0
OIP-xJyV33n5XayUUwSicf50bQHaFc.jpeg,0
OIP-XJzLslAYXudjFqQXbZq3jgHaE6.jpeg,0
OIP-Xk_CPJhWflyTymfyBZQ3agHaFz.jpeg,0
OIP-XK702QQDFuSkgd0aOUFxiQAAAA.jpeg,0
OIP--XK9fGfui8Yd_sI6-rKx-AHaFj.jpeg,0
OIP-xKdmqmWDqVjMh77IdE4esgHaE6.jpeg,0
OIP-xKECXcz78E_1ITkd_B1OkwHaF9.jpeg,0
OIP-xKFkrQwdkZK8fVB5P-lCrgHaFj.jpeg,0
OIP-xkGaM89OeDrKof-JVV1uWgAAAA.jpeg,0
OIP-xKgWfq9Q9TG7VAhFEDcWDQHaH6.jpeg,0
OIP-xkHIglbW_1OCD3pT9MqoCAHaE8.jpeg,0
OIP-XkjAXFrir-Yo37kmGNP_iQHaDx.jpeg,0
OIP-X-kJGeAv9FBDvILMGdOtGQHaDt.jpeg,0
OIP-XKjnueqxbBG7cweRPVHw0wHaE8.jpeg,0
OIP-XkkYpR6bQ0DRNrkqIp4RJwHaFv.jpeg,0
OIP-xKMPrqdjbZsT-vxs9wugXwHaEK.jpeg,0
OIP-xkmVwcY_-27PQO-vF51ncgAAAA.jpeg,0
OIP-xKntPgrdqGsS7yyclucSAgHaJ4.jpeg,0
OIP--Xko31gNPyfbw6u0uMdNbAHaHv.jpeg,0
OIP-xkoD5bJxT8NFeLO0cW1NPgHaJ4.jpeg,0
OIP-xKpwCogfRUSpuiJ0ubGqMAHaEo.jpeg,0
OIP-X-KRBZocrntOLdfhthiD_AHaEK.jpeg,0
OIP-XktlK0kNylL-8Urw48lpzwHaE6.jpeg,0
OIP-XkY-fqwIfjFfOUgqbqjrewHaHa.jpeg,0
OIP-xKYyIS33z6yU98q05sF5yAHaHn.jpeg,0
OIP-xL0WlnatzXlu5meDmwGBEgEyDM.jpeg,0
OIP-Xl2deSBn2OnEG2x5iMtNyAHaGU.jpeg,0
OIP-xL61vfwfVd3Cqg_lsG08pQHaF4.jpeg,0
OIP-XL6WzDFX2KEKlGYsadSzGgHaE7.jpeg,0
OIP-xLA197ihdEmBPYmNnSRFCwHaFj.jpeg,0
OIP-XlEuo_PoCcT-ZKWDbj7ZVgHaFj.jpeg,0
OIP-xlFK2_6z2oFwlVaG4PNB1AHaE7.jpeg,0
OIP-xLHLEqixAm57Y4YfKtJJEgAAAA.jpeg,0
OIP-xli3YFm6JvyOuUQRUtVzvQHaG-.jpeg,0
OIP-xligI35vEgICIjAddrxO5QHaEX.jpeg,0
OIP-xLI-wXmRlAnrkYW4xDwljQHaFw.jpeg,0
OIP-xlJ7Bbj-tB9y3FnMROH0igHaII.jpeg,0
OIP-xLNc3GbpaRqyQC-QZR1rFgHaFj.jpeg,0
OIP-xlPLbft17bmV6aMofIWiUwHaE7.jpeg,0
OIP-xlqqVaVzTT0nNm3s8AEIKAHaIh.jpeg,0
OIP-xlRR0uZ29SdQYRQn6nJgawAAAA.jpeg,0
OIP-XlrZTvHwH0G9thYYYHPA9gHaFJ.jpeg,0
OIP-xlTDenDFZ6mRNnJQORAOYgHaFW.jpeg,0
OIP-xLyXqu4LNuaBobjTRt0cnAHaLJ.jpeg,0
OIP-XLZj3HDw-v6-fRjrcOosvQHaEo.jpeg,0
OIP-xm-3BaIvrrpA7-YO5qyEnwHaFj.jpeg,0
OIP-Xm8U6PoCnTi0ksPoVi3R7QHaFC.jpeg,0
OIP-XM-9quCuvL5sGvykoN-DUwHaE8.jpeg,0
OIP-XmayByRotK9TIA_AidMkrAHaE8.jpeg,0
OIP-XmCK-mhQpPYoB_Lttz4jywHaFj.jpeg,0
OIP-XMDMNahB5kHyqoP7HlPzlQHaFj.jpeg,0
OIP-xME8rmiVy0f-Uv5U0vLL9QHaF7.jpeg,0
OIP-XmG0ExcVYpWaFLV_vakrtQHaFj.jpeg,0
OIP-XmGgZ5sw7PDB1TwadcSbFwHaFT.jpeg,0
OIP-XMi7g8vDoEY_09qO_10MGgHaE8.jpeg,0
OIP--XmIansx_gWvTo4n_HN5KwHaFj.jpeg,0
OIP-xmjcj-LWjuekT4h1n-wfTAHaE6.jpeg,0
OIP-X-mL9NB3ZG9rTRvhEhuf4gHaEK.jpeg,0
OIP-xMLys9bKRA9fC8qdnxMOZQHaF1.jpeg,0
OIP-XmmfOGvHGszF-97NrQSudQHaEH.jpeg,0
OIP-xMmQpPrtLyVG0ijnrWK4tgHaJ4.jpeg,0
OIP-xMncrlYphHVpNm4RQ0UOSAHaFj.jpeg,0
OIP-xMqu3JUMKGCioLQpYeEdDAHaE9.jpeg,0
OIP-XMuaQvw37V_txCtFSWgWIwHaEu.jpeg,0
OIP-xMUdF7pdJW4u51I8vmsgDQHaKd.jpeg,0
OIP-xmVIW3zng__INanL4IA2WwHaKj.jpeg,0
OIP-xMwo9fBfITdttwcoOm9b4gEsDI.jpeg,0
OIP-XMXUZo5E9hmbc_kWc9GtrgHaFj.jpeg,0
OIP-XmYckcSuyg7NBJdpLLOV0gHaLH.jpeg,0
OIP-xn-09bmrDUsDtNxvy4x-ggHaE6.jpeg,0
OIP-xn322t9YjQ-DBe0xIa46IQHaHa.jpeg,0
OIP--XN4Ve2B0ry96ORfDjk_bgHaGl.jpeg,0
OIP-xN52sgPY4ZYj4O1dmKPPMgHaF6.jpeg,0
OIP-XN5hXnWlM4xU3WyXgBBoLwAAAA.jpeg,0
OIP-XN7LiXpyJyLIiGuvkr1XoAHaJ4.jpeg,0
OIP-xN8cYtkF14kNY7zqIZCK_QHaE0.jpeg,0
OIP-xNagVXREBuTlI9CGrUb-ZAHaFs.jpeg,0
OIP-XnakSFJ0-pVU2JcegZQCDgHaFc.jpeg,0
OIP-XNbG3FAas6bgwVIYuvp1BgHaE8.jpeg,0
OIP-x-NEa_XPJcfcN1Tz3j337QHaE9.jpeg,0
OIP-XnHARS5OlQmpGLH8LEsnJgHaFY.jpeg,0
OIP-XnhVmXAJTkcFK6M9W9HnegHaFE.jpeg,0
OIP-xNIjuk2Vw6U5OeE2ahS_rQHaE8.jpeg,0
OIP-XNlejTOAaBCw3LIICLSj3QHaGU.jpeg,0
OIP-XnpSXDgrjq8zKHO3Sm-iLwHaEp.jpeg,0
OIP-xnQTHJHQggyRE5rL4PlESAHaF7.jpeg,0
OIP-xnScgTybBeRYhDOketCuTAHaHd.jpeg,0
OIP-XNsYQkx1xFrelXsCooi7YQHaEk.jpeg,0
OIP-Xn-uLe0J8rqODaV1mOvfxgHaFH.jpeg,0
OIP-xNXcnStnAUwknYv6q3SAYgHaE8.jpeg,0
OIP-XnZDQTcFycD1YJ2fi68x2QHaGc.jpeg,0
OIP-xNZvfMo9RC3fv1GSIwzwdwHaFo.jpeg,0
OIP-xo1IN2RI2Z83fE9Hqr1K8QHaJ4.jpeg,0
OIP-xO5tbIR39UxX76952C_CJwAAAA.jpeg,0
OIP-XO76OgwcUR7rxaCLIMw4zAHaGC.jpeg,0
OIP-XO7fDhXahM4kmRF_22ingQHaCl.jpeg,0
OIP-XOAle0y3IZCGAwyLjhzluwHaE6.jpeg,0
OIP-XoARhzu6qXLSgfkXPIRhywHaEA.jpeg,0
OIP-XOBrZE9UUb2_0yKFiXRvHQHaFj.jpeg,0
OIP-xOCABsxqKkUg5eC-rew1XAHaDt.jpeg,0
OIP-xoCKe7GLdJZ05cnkh1JPggHaFj.jpeg,0
OIP-XOcZPfods9lZi396pTManwAAAA.jpeg,0
OIP-XOFHmo_qcKEAUgqQxESs5AHaE7.jpeg,0
OIP-xOGvUjYRIiGOrvCmFc8f8QHaFk.jpeg,0
OIP-XOHBs6_V9kqFgVxveqObVQHaEM.jpeg,0
OIP-XokANkuKwZw5sHZSERL9SgHaE8.jpeg,0
OIP-xOKULWHfQ_OYfHvVQLCa5AHaFX.jpeg,0
OIP-XOMNh0eEAbPFp-T45RacsAHaHa.jpeg,0
OIP-Xo-o2YUw0gY7UBtYARW4YwHaFi.jpeg,0
OIP-xOO-pk5gGS7HRbH8hUXwVAHaI-.jpeg,0
OIP-XOoV2x1Y1EpfLuCGPHDIkAHaFj.jpeg,0
OIP-XoQQnSJfOYv_TBJ35TXqYAHaEz.jpeg,0
OIP-xoRSiYHZ7fFrhV3NAnk3FQHaE5.jpeg,0
OIP-xOtC4Sdr42Afwcts7gG7MwHaEc.jpeg,0
OIP-XOUnJIF2nmRMjQqbt4ZADQHaGU.jpeg,0
OIP-XOxGkpdBZxNlcJC1e2UmsAHaFC.jpeg,0
OIP-xP0b130PZ-PymU5-rXl_AgHaE8.jpeg,0
OIP-Xp9H58fGNbmq3FJ0IeW3rgHaGi.jpeg,0
OIP-XPb5_MZwMY4VgQwwSPE6LQHaLN.jpeg,0
OIP-XPbkJjm2imK-ISbdDKWBfgHaEo.jpeg,0
OIP-XPBL6RecJjKyPFoCkb7GPAHaGo.jpeg,0
OIP-XPC291X_oWtudpetYQ7jrQAAAA.jpeg,0
OIP-XpdPyhz2DsufGcbOAoZKtwHaFj.jpeg,0
OIP-xPFGaysthAEKSHncmx4EUgHaLH.jpeg,0
OIP-XPfKqLYlNEz3QN18AjM2_wHaFj.jpeg,0
OIP-XPgDf89xL54qsuUt6TgAZAEsDH.jpeg,0
OIP-xPibfaGYoyDsou2Abw7xBwHaEt.jpeg,0
OIP-XPJgIKEHEXLHdJqiF0WxnQHaE7.jpeg,0
OIP-XPKLZT_zNEnOncl_ImJK4AHaE7.jpeg,0
OIP-XpkW19Xzh8Ug_-L3UVNwJgHaL4.jpeg,0
OIP-xPLC7gOOqvuXuHr4AEU-AgHaHu.jpeg,0
OIP-XPLUMmWhKP6IpaFmc94UvwHaF7.jpeg,0
OIP-xPm8S--gHdlkK593BTm8ZgHaFj.jpeg,0
OIP-xpMoyD-0-Map2w8pKYx0zQHaF7.jpeg,0
OIP-xPn_heQ0QSwQCGfuqQhCqQHaEW.jpeg,0
OIP-XPO-RkDvIEO8nexFHL8gEgHaFe.jpeg,0
OIP-xPRLfdEaZ7Im7oBmEtleCAHaFj.jpeg,0
OIP-xPRvy13TPTjifBnxmot5JQHaFj.jpeg,0
OIP-xPVRmSlWGZleObiuuQoBMwHaFi.jpeg,0
OIP-xpY-gtM_emmm9HcSV8nT6QHaHa.jpeg,0
OIP-XQ0PNyj49o-0ygJc4xq6WgHaF7.jpeg,0
OIP-xq5e35WizCPvhmM2Md3RdAHaEK.jpeg,0
OIP-xq6HLyxyjJo5OXWSBqCrHQHaF7.jpeg,0
OIP-XqA4D3bfoeGFjG54UBsCMwHaEK.jpeg,0
OIP-xQayN0uBce1rwsH0lzDJzAHaE8.jpeg,0
OIP-xQeA3yekTsZEZLUmfg7hHgHaFj.jpeg,0
OIP-XQeEQoiBI0tibMSlreS5-gHaE7.jpeg,0
OIP-XQeU_iQATvBXtlENWWbPYQHaE8.jpeg,0
OIP-xq-F10fFPWlPKPvQZq-GaQHaHa.jpeg,0
OIP-xqfAuJBQQabkNv9c2Y33ZwHaFj.jpeg,0
OIP-Xqh8UQdPkD_Strvlh6fpXwHaE7.jpeg,0
OIP-XQIMZnKXhphiGNPR4Va3kAHaJ3.jpeg,0
OIP-xqKAL3QjekKjtPZXFe-knwHaFS.jpeg,0
OIP-xQks8k3CEmBDxGiEISClKgHaJ4.jpeg,0
OIP-xQ-MyYfk0zMxRS6ccQbTmAHaKU.jpeg,0
OIP-xqs1Rb6Eki7e_zVEqKVcbgHaHB.jpeg,0
OIP-XQSCdYT6-kAJsHUeSZrvKgHaGC.jpeg,0
OIP-XQsyQ6CDQ1Q5aL-RYMAh1wHaF3.jpeg,0
OIP-xQVhryuttHt0--jrmzLbHAHaEc.jpeg,0
OIP-XqwdlRXhVZG6niIOcTkgEQHaGY.jpeg,0
OIP-XQWwi7XmmHr13OVpGlyMMgAAAA.jpeg,0
OIP-xqXrWaG3c3dg-kLYKTrc-wHaDc.jpeg,0
OIP-XQzWbe-Nd9D3234MQD4E4AHaFc.jpeg,0
OIP-xQZWGR40fZe2oT9QGy0EMwAAAA.jpeg,0
OIP-XR2u8mvTlCLLyEaitr7mDAHaE8.jpeg,0
OIP-xr7nsIh-VwhyRJpKnnsJXgHaIH.jpeg,0
OIP-xrAgXdlBeQB2_GKFVkQ_WgHaFj.jpeg,0
OIP-xrAOu2XuZhTmkSJziRunrwHaFj.jpeg,0
OIP-XraQ7-bvFpRwSAcMXtv8_AHaLH.jpeg,0
OIP-XrcRe0jLjjGBmCNnTitYQgHaFj.jpeg,0
OIP-Xrd-4i5V0C_tUUfyTzcLDgHaE8.jpeg,0
OIP-xRFiYwe9Vo-2iv_TqXEQ6gHaE8.jpeg,0
OIP-xRGBRA8ZxupUcGuTSrfPCgHaHu.jpeg,0
OIP-xrGigpEcbBYcdrSwBkI47QHaLI.jpeg,0
OIP-XrHR6piFxinj80Nga0LNkAHaGC.jpeg,0
OIP-XrJoJf6WRgNiLvMXn3k1FgHaE8.jpeg,0
OIP-xrK5gKTve--jrCDu5fedgAHaGD.jpeg,0
OIP-xrL-lPa2S-senaJ3dT71zAHaIJ.jpeg,0
OIP-XRlN_Ak8Ldq_ty0oidhn2gHaEX.jpeg,0
OIP-xrMeTcvV1a41NPxoQcQFiAHaE9.jpeg,0
OIP-xRo2rbfy_V_neqorg0uPtQHaFj.jpeg,0
OIP-xrpJY8qP1Yov8E44Q7y4PAHaFj.jpeg,0
OIP-XrrIBaLXR6YB1j0M0vp7kwHaFj.jpeg,0
OIP-XrRW8Y70cf0oMnqA1caytgAAAA.jpeg,0
OIP-xRsWvIT0rTq2KsjNIyGTwwHaL8.jpeg,0
OIP-xrSxcDBCYNeVw71Aq1vCJQHaFW.jpeg,0
OIP-XRtnG0lfT_KGzuTWagW3vAHaFg.jpeg,0
OIP-xRUJ5vM6GX9-kI3DoW48pQHaEw.jpeg,0
OIP-xRvRC9DO-CYTfYdH_fovAQHaFj.jpeg,0
OIP-XrwVeegb50daXND5rn7MdwHaFX.jpeg,0
OIP-XryCjPhfY9vZx7s-kjBF3gHaGd.jpeg,0
OIP-xRYm-o2mbr81_0Syu24UUAHaF7.jpeg,0
OIP-XS_sHBauvUKkfvOV1Q9XGgHaFd.jpeg,0
OIP-XS4GH7SJTWbOhiJdChp3gAHaGd.jpeg,0
OIP-Xs4VJaimKlGSYynrkjYJ1gHaFj.jpeg,0
OIP-xS8kq-jEZBW8KHtRhbc8awHaE8.jpeg,0
OIP-xsAC6ySnO3BwfOe15K2OmwHaEe.jpeg,0
OIP-xSC72rY5jKG_H5QJHDPBZgAAAA.jpeg,0
OIP-XSC83Blq7j1wnSnHYbN-cAHaE8.jpeg,0
OIP-XsDxuBsONvTmJvYfYNwWSwHaFj.jpeg,0
OIP-XSgK2cC6R3gqp4zOAQn25QAAAA.jpeg,0
OIP-xShRztGH7V0kY3k7ceAy-QHaHa.jpeg,0
OIP-Xsjv01g6Wh3LiiqcLXad5gHaGQ.jpeg,0
OIP-XsKQMewVQ0c896IUV7h-CgHaFl.jpeg,0
OIP-xSkwg8pef-uIilK26ryB_gHaEK.jpeg,0
OIP-XsmezcsPXHl0Z1RD4Q99EgHaKQ.jpeg,0
OIP-XsMLWOZi5f2TDQDVY2vNBwHaE6.jpeg,0
OIP-xSn8zdtlbh6CTVeNKLzh5wHaE7.jpeg,0
OIP-xsNXPTQTgBmUGelu4IXlUwHaFj.jpeg,0
OIP-XsQnodYtW5JJiuenehj6qgHaFj.jpeg,0
OIP-xSVp9iG_8XlitJ0pHSZnEQHaFj.jpeg,0
OIP-XSWEch8fgi9dV1HaYvNn4gHaE2.jpeg,0
OIP-xswJIFgSP2Y3ns3HBnqfWAHaDK.jpeg,0
OIP-xsXjlbvnL3KfOLZctTMhDgHaGA.jpeg,0
OIP-xT_8wnOkyUmZTHVfn0PCIgHaFj.jpeg,0
OIP-x-T0cc_QnQMYehCbCJF4QgHaFj.jpeg,0
OIP-XT0tWDjKpxqOlDHhoTK-cQHaE7.jpeg,0
OIP-Xt1UiXcjJasQ8mgH_A7CwAHaFY.jpeg,0
OIP-xt1UuydWwME3uFm6xS1w2AHaFj.jpeg,0
OIP-Xt28_a2yRdZuYXRIGRVkzgHaIk.jpeg,0
OIP-Xt-AuqdJUAX20roecYTF1QHaE8.jpeg,0
OIP-XtbFqK6O8aT4U1Cs8eVKHAHaHa.jpeg,0
OIP-xtBuYZdAiTtFzImJUkc8rwHaE8.jpeg,0
OIP-xtcMrcmSmAPAlwi9l6twXwHaFj.jpeg,0
OIP-Xtdd13KiHsi38jl7JwnNLQHaD4.jpeg,0
OIP-XteFfmeQD1gfJMcU_VcUMwHaFj.jpeg,0
OIP-xthnqbNgb2DfWdoKLeeIJQHaE8.jpeg,0
OIP-XtIZOd3dTTd-Vqu4DWnQaQHaEo.jpeg,0
OIP-xTkezT-Kv8OFS8DqNq1sUgHaFq.jpeg,0
OIP-Xtm4bBiTZAaBmGaD5Ka6RAHaEj.jpeg,0
OIP-XTMluEJgMpfZTWv3f1vBcAHaF7.jpeg,0
OIP-XtNsN4pDZ8gO3TVWCrBSoQHaHa.jpeg,0
OIP-xtpvalt4G3g0TI0BuN2hOQHaKa.jpeg,0
OIP-xTR1fqUr8Ys0ho1-s_PcWwDhEs.jpeg,0
OIP-X-Tvph7Sfhmc6pB98k2BOAHaF4.jpeg,0
OIP-xTvQNBk_VuZhvbDvdud2bwHaEK.jpeg,0
OIP-XtvtS9GJ85ry4OJkWchJSgHaFj.jpeg,0
OIP-XTwAGG6Uvr-hNyoDUjNOUwHaGz.jpeg,0
OIP-XTWh0RU8cNtOUq_r8vEtCQAAAA.jpeg,0
OIP-xTWXtSCYSYh3qh2d7T8eFAHaH4.jpeg,0
OIP-xU25y2pehtyd7kxR-Y55YAHaE8.jpeg,0
OIP-XU2ye1X3VIRkAgYxhs78tQHgHe.jpeg,0
OIP-xU5dK02_CLVjBNwXpiTu-AHaE8.jpeg,0
OIP-xU5iTRam7D07-mqwARZWRwHaFj.jpeg,0
OIP-xUEoFGJ53ilc5MrjlmcjVQHaFj.jpeg,0
OIP-XuEpdEl6VogyBJfduKTx4wHaEK.jpeg,0
OIP-XueR8fzG_RH-tSUYkSaGuQHaEr.jpeg,0
OIP-XueXlncGXz13f1t2MhQ2pQHaFj.jpeg,0
OIP-XUjPCECCw4-s-B-Ofn_EQAHaE8.jpeg,0
OIP-XukdrNRBC00g-_r04kGC1AHaFq.jpeg,0
OIP-XukrX4TcmnAixD1TG5DaowHaE8.jpeg,0
OIP-xukU1EIrpvrxA9pNTwaoWgHaE8.jpeg,0
OIP-Xum5KMxZ2JAOBnTZFANGUQHaLh.jpeg,0
OIP-xUmTJLHDhQzBDsZdqR9U6gHaFj.jpeg,0
OIP-XunAtpEIjHnF3c7lQHOqlQHaEo.jpeg,0
OIP-xUns0Y4a0eJzr0e1jrcCTwAAAA.jpeg,0
OIP-XuQRQxABomsH3gUkF2FNtQHaE6.jpeg,0
OIP-XURY0RL0WJJJX58Q3TlzAAHaE7.jpeg,0
OIP-xuSE7c8cHRVtfr9o5eSl3AHaNJ.jpeg,0
OIP-XuSeQLqwyk7bN2usyiBJiQHaFj.jpeg,0
OIP-XUt_WApQKb1m9aOeJlCjZgAAAA.jpeg,0
OIP-XV0iu_gTCvVtt7Bn7G9k5AHaFj.jpeg,0
OIP-XV2b8F0DeiNh3qFKqkMRUgHaEH.jpeg,0
OIP-xv34WPaluAOQCIeUqeJp4AHaFj.jpeg,0
OIP--xV8LpQgFgzY4Iv8Tb-OAQAAAA.jpeg,0
OIP-Xvb76XinVWyl_fSt_z4zvAHaGS.jpeg,0
OIP-XvBAiiwIR2ot2CwW2mcgEgHaFj.jpeg,0
OIP-xVd2NPcx1_8HPCopzukyjwHaEw.jpeg,0
OIP-xVDbt5RHL22QAq03ESk-TgHaEn.jpeg,0
OIP-xvEI669gjtoNy6YEJDD5jQHaHa.jpeg,0
OIP-XvfEzjqAC3kjd_E6JV8h8AHaE8.jpeg,0
OIP-xVj9aNYOrDi8OG_Vs0xhhwHaFK.jpeg,0
OIP-xVKXioG-VDc7sr-tIXRk4gAAAA.jpeg,0
OIP-XvLf1ehMbz_HXHxiX3Au0AHaE8.jpeg,0
OIP-XVnONsQuh6kWaIV5mcOGigHaFe.jpeg,0
OIP-XvnpSR3mUGTugVTo0i4GLAHaFj.jpeg,0
OIP-XvoUGU5fHnS5AILQwQfZFwHaJ4.jpeg,0
OIP-XvoUl3bgWbFk-kqKW6PLTgHaEi.jpeg,0
OIP-xvp64XcRJcoJyTwAfD-SYwHaFj.jpeg,0
OIP-XVrvt-q-XM4SfnBaSVeM-wEqEs.jpeg,0
OIP-XVw_AoQnYIFb6LNQiRUmmwHaHI.jpeg,0
OIP-XvYAGgT7k-3Sc4vHNsevqAHaEC.jpeg,0
OIP-XVzWDq29AxtrsQyS0H1SUgHaE8.jpeg,0
OIP-Xw1nTJh2k3JavqslsIG5sAHaFi.jpeg,0
OIP-xw2dHZGuJEKhjrpUyQKgMQHaFj.jpeg,0
OIP-Xw5qBiT89G4S3828NexwogHaHa.jpeg,0
OIP-xW7-nRfK3JxtpMYfxkiM_QHaGs.jpeg,0
OIP-xWcx0PDcbgMZy5SiyS4dsAHaFj.jpeg,0
OIP-XWGEslsdy_OCPIME7p_BKQHaH2.jpeg,0
OIP-xWHpZNoLQU9qtULk9_Lf2wHaD3.jpeg,0
OIP-XwkSC1VAzv9T5D1iXCKu0AHaEo.jpeg,0
OIP-Xwrb1TvTrl8Sbs840vPpTgHaFc.jpeg,0
OIP-XWSJ78EoxeASIzoAZ6qDtQHaFj.jpeg,0
OIP-XwTU7qA85GdLul6ef7jyLQHaGb.jpeg,0
OIP-xwWrIzvhJ1vaokUaLyZ50AHaFc.jpeg,0
OIP-xwzQyekc4HrqPcSpS6DlyAHaFj.jpeg,0
OIP-Xx5vjoJokcipm_GBo1L4OgHaE8.jpeg,0
OIP-XXeU1xf1B7Tk9iXIM1N47wHaFv.jpeg,0
OIP-XXf5Q-vPAJSHlTgXrc1s2wHaJH.jpeg,0
OIP-XXHDFSk08xqSIx9Gz8L6fwHaFS.jpeg,0
OIP-Xxit8lK1fEePHp-p08U8nAHaHa.jpeg,0
OIP-xXjPOeMolc93KhJW3BU1JgHaHz.jpeg,0
OIP-XXj-pP0lrMbO3XllDSTwZwHaFj.jpeg,0
OIP-xxM7c6-_YFR317AF0A8NmgHaHN.jpeg,0
OIP-XxN9eN9j_cYXZaV55zEu_wHaE8.jpeg,0
OIP-XxnH8yNUzDlat7kfdxCcJwAAAA.jpeg,0
OIP-xXppqCqAAttfrEER-aFOOAHaE7.jpeg,0
OIP-xXUnd_u0idgEDCznZg1XSQAAAA.jpeg,0
OIP-XXU-UVxagMmTGKavsoG0vgHaFj.jpeg,0
OIP-xXXmecEfboeclfZL9gB6ywHaFV.jpeg,0
OIP-Xya8YwoTaJNKBvbkBDgLhQHaFd.jpeg,0
OIP-xyE89LOTd-9vmlelYhn19gHaF8.jpeg,0
OIP-xYFcNyVCYEU0TsoSau2CzgHaEr.jpeg,0
OIP-xYFWagaRX9-95vlSlZwsWwHaG3.jpeg,0
OIP-xY-G8HPRB-DpbTOUIG6dGgHaE7.jpeg,0
OIP-XyHM4quj5RaEIp4bY2cplQHaF8.jpeg,0
OIP-XyJJ-UsJ9MXZOy8tQMQcRAAAAA.jpeg,0
OIP-XyK2DoFrXxFrVLUXrQM7yQHaGK.jpeg,0
OIP-XYk2orrE4ZrLutRlNw-cEwHaHJ.jpeg,0
OIP-XYMvKeBIUFfkGvdOjjbYMAHaE7.jpeg,0
OIP-XYmZFuM6Ot6rSsp72QWAIAHaLW.jpeg,0
OIP-xys6DWhLu5kKtRLB3ThrzwHaFc.jpeg,0
OIP-x-Ys6Gup0J-aF4fOpILCegHaEH.jpeg,0
OIP-xyTTY_k-EaNms6ATJIBwjgHaFe.jpeg,0
OIP-Xyu44f63mn9M0OKz_cpCiwHaG7.jpeg,0
OIP-XyUbTxbysi-EPp29CTJRQQHaE0.jpeg,0
OIP-XYUJfzJU2Ej_5ZIovzPreAHaE8.jpeg,0
OIP--XyV2dbbCKXAX0Ucaw8VAgHaHi.jpeg,0
OIP-xyv52VGKO_ZLLrO22aDgbgHaEq.jpeg,0
OIP-XYvK8Vq6HfQO-65-e-uiHgHaGK.jpeg,0
OIP-xyxQIrHJCZd2aSUPkxy6CwHaG7.jpeg,0
OIP-XZ3a83lJwKFBoGTuxAmrkQHaFj.jpeg,0
OIP-x-Z5LiFWKsL5vePtrMmkGQDMEy.jpeg,0
OIP-xZcCyV5OXjD00MxFECO-kAHaFk.jpeg,0
OIP-xZD2U2o_YLgZ4G2bTDndzAHaE6.jpeg,0
OIP-xZd8hOnMOtfSFRZ-BiOg-QHaFj.jpeg,0
OIP-xzEY9GkGk01Z-7Cs7jLQoAHaKZ.jpeg,0
OIP-xZgJNcS-KswdPus3HNNGcAHaHM.jpeg,0
OIP-XzHjf6XNzIst1n_4gGes5gHaFj.jpeg,0
OIP-XzhnN5dzJoEcwTPVi9kb_gHaFS.jpeg,0
OIP-xziVYV8vGTFjF4CzDHuipwHaLH.jpeg,0
OIP-xzKxHldb5bZYJCnnBH91twHaEK.jpeg,0
OIP-xZpzZdr5tWT1E_UaU5tF6QDYEg.jpeg,0
OIP-XzZbxle68iTdVghE56eNIAHaGb.jpeg,0
OIP-xzZzCw8UwEOEf14Tb45O0gHaFg.jpeg,0
OIP-y_0iDHuMuS8TPnl653QVmgHaJ7.jpeg,0
OIP-y_1Sp9eufm3YFhqRBHp7nQHaFj.jpeg,0
OIP-y_6t8X7orYxpMbALsg0MoAHaJx.jpeg,0
OIP-Y_-Ao5Q1BENkq32g--lUcQHaE9.jpeg,0
OIP-Y_FnOETZgKXNyapx78PrDQAAAA.jpeg,0
OIP-y_IEn1hyT9gCfIoJNLV0MgHaFj.jpeg,0
OIP-y_k9wnt_j5pZZZe0yfd6dwHaFj.jpeg,0
OIP-y_LhgCj_SFDeUfpT519gXQHaFj.jpeg,0
OIP-Y_pCEEoYXRdK6zHGntYdzgHaIx.jpeg,0
OIP-Y_qUC89aWJb7hu_Iw7KfmgHaFU.jpeg,0
OIP-Y_vZFMtErNaDbgkdjv9tewHaHa.jpeg,0
OIP-y_xAZ9t26VqfNW0rKV-azAHaH4.jpeg,0
OIP-Y_XEtZ50Gb_5slvlPipxBwAAAA.jpeg,0
OIP-y01qP-jsRvBMkLTPvhcZFwHaJi.jpeg,0
OIP-y02zWIannKiylrMwzV6psgHaF7.jpeg,0
OIP-Y0O4gcL8TRLLlnfPkGTVOgHaMi.jpeg,0
OIP-Y0pIixRFp8ruGQ02KXWqhgHaFj.jpeg,0
OIP-y0r5ogpAg6mKMDttsFJMDQHaF_.jpeg,0
OIP-y0siLNRjkEIOHudV0Ou2lgHaFj.jpeg,0
OIP-y0-tSXP6aFTs3SQVWMTYfAHaE6.jpeg,0
OIP-Y0xvHVAoEu-noCVFYyO9rgHaGi.jpeg,0
OIP-Y10_6WeCUmEsa4BHvWz7vQHaFj.jpeg,0
OIP-Y14MPMvMxlMFG7DRYOId4gHaJy.jpeg,0
OIP-Y156rMlWam7MWXtUGU1MzwHaFw.jpeg,0
OIP-Y1aANdChaIgGmdcPpjoRvAAAAA.jpeg,0
OIP-y1c7s2zwRa95UfTzNTS-PQHaI0.jpeg,0
OIP-y1ddvFzeJGkscITEtL1gLwHaJ4.jpeg,0
OIP-y1esZHSNyI9N0ToyF9fyHAHaF7.jpeg,0
OIP-Y1eVnNfZsvHfH9dzSXe1uAHaE7.jpeg,0
OIP-y1HJrLZokPHjYG3f3UlKIQHaE4.jpeg,0
OIP-Y1IDEjif5sOAKA1_YRwB_gHaGa.jpeg,0
OIP-y1jzx2IDv-tzHt3DC280ZgHaFj.jpeg,0
OIP-y1lawX9QFMb5xug5b-lLMAHaGc.jpeg,0
OIP-y1LOnpUHliy3ILzp5yB-ywHaFz.jpeg,0
OIP-y1lu1zaVNOsILG6rukr65QHaHk.jpeg,0
OIP-Y1MB2tBaRG5-ePPidka4BwHaGG.jpeg,0
OIP-Y1OLC6HhNFoD9ZRsFgtdAgHaE7.jpeg,0
OIP-y1p9YOHKaBS1ULUnykxztAHaE8.jpeg,0
OIP-y1PUQ-fwumvy8aMSXSg69AHaHC.jpeg,0
OIP-Y1pVN6Q1RC5DFgenWJbMkgHaFj.jpeg,0
OIP-y1qVDQ-v5qPzx4SeiCnxIQHaE9.jpeg,0
OIP-Y1RP23n3nqXGPJUISaBCyAHaKC.jpeg,0
OIP-y1urE3pUZ870x5mEWO8K-gHaEo.jpeg,0
OIP-Y1v8FDNXhLoognJawr4zGQHaEU.jpeg,0
OIP-Y1YKe3BXjVxsN0iF4jKW9QHaEV.jpeg,0
OIP-y1YKGWZxd_mPEVVB-cThuAHaFj.jpeg,0
OIP-Y21Eo_huVPTsPyuYmcDGlQEsDh.jpeg,0
OIP-Y26V6GOhaY-5QFVgT5ZUewHaE8.jpeg,0
OIP-y26yPV9EgCbFMmfxfVaiQQHaFj.jpeg,0
OIP-Y2c2wNU6LTKEaYix0rQoKgHaE7.jpeg,0
OIP-y2CtQq3SFhdTXPBg0SuSFQEbEs.jpeg,0
OIP-y2D_GQmAI9t6xHez4Z3xewHaFZ.jpeg,0
OIP-Y2esulvEAw1eDfWObCWCJAEsDh.jpeg,0
OIP-y2jaxSBCXwm2nM_04W7J3gHaF7.jpeg,0
OIP-y2kh2-MUfwrTSE4n5P2d-AHaFj.jpeg,0
OIP-Y2pVAQuRkOTpUaVOJzOdPwHaFj.jpeg,0
OIP-y2rdXqLJdLQC4-3BkqfWXwHaH2.jpeg,0
OIP-Y2tYbJoZ3JjAzANxph84JAAAAA.jpeg,0
OIP-Y2UHogHXkksuZDA2NGw-dgHaHa.jpeg,0
OIP-Y2XgwQAaAv2-wEbKaaqiegHaFj.jpeg,0
OIP-y32Y0qxHc92YC2aSXESScAEsEs.jpeg,0
OIP-Y34LmK6r5NH5MKyVgdfM4QAAAA.jpeg,0
OIP-Y35Koigb3nqIDEgA3vUuHQHaE7.jpeg,0
OIP-y3DKM9Si91MNY5Ryx-sB2QHaGc.jpeg,0
OIP-Y3drz-itLFrVKBuSncBZbgHaEK.jpeg,0
OIP-Y3J40kPpx5SvYguQ4MzCsAHaEq.jpeg,0
OIP-Y3K0S6_5FG8w9LRcpNKv5QHaFj.jpeg,0
OIP-y3OwbIzxCIfqFoJDZMSmvQHaHa.jpeg,0
OIP-y3-siq4gNkpdfq4MS4_R0gHaFj.jpeg,0
OIP-y47Cn1ZWEb8w9YmhntpFpwHaHa.jpeg,0
OIP-y4IxvJSvX7MqsAlnk49ITgHaE8.jpeg,0
OIP-y4KpgwUcehzdI2Cw7qBszQHaE8.jpeg,0
OIP-y4-NIaT4zWXWyxpKpQ0dSAHaGN.jpeg,0
OIP-y4ptirEtSjeUEPA_mEWI7wHaJ4.jpeg,0
OIP-y4rOk6frkDGnpN7cNMVSAAAAAA.jpeg,0
OIP-y4RWFwEn-MOgDI-F8rxqyQHaFj.jpeg,0
OIP-Y4TREI37stQ5JK9rHhE6JgHaEL.jpeg,0
OIP-Y4U78tmm0JCisCCWn6YttgHaJS.jpeg,0
OIP-y4v3qpWNrEeyOQTQGDhstQHaFj.jpeg,0
OIP-Y4XkpflS_WHo_jKaNaVrtgHaE7.jpeg,0
OIP-Y5_dpYEmm7Gar2Dyn_EZcAHaHa.jpeg,0
OIP-Y52ybHIto3hesIw0qK-uCQHaFn.jpeg,0
OIP-y59Qj8O8HxP5UpsGEtGaIQHaE6.jpeg,0
OIP-y5ArpgV1LJUZbgnlZVQrHAHaEK.jpeg,0
OIP-y5Dmn9cq-O3zvhS2fJRX6AHaLH.jpeg,0
OIP-Y5jiC4dziDMJY7B8tufRrgHaE8.jpeg,0
OIP-y5KzTy8saoRRfdS7z5GEygHaLH.jpeg,0
OIP-Y5LqV9FHAH_UlZJDAz8xKgHaEm.jpeg,0
OIP-y5mcE-JDHZ2F0lUhREOBawHaIE.jpeg,0
OIP-Y5nUSgbSLxT2eW3aqVHZrgHaFZ.jpeg,0
OIP-y5UP4TSobvmIDDTULbgQTQHaF6.jpeg,0
OIP-Y5WuP3fCddZ64QKYaCItdgAAAA.jpeg,0
OIP-Y6_rxGV23EeP8KPdNR4A0gHaHa.jpeg,0
OIP-Y63AFgv8Dp4VJ_2yfJui3wHaE7.jpeg,0
OIP-y66zRxULo4m2BJbcmuvSJwHaHK.jpeg,0
OIP-Y6B78QaOUn4qrlkEvguK3AHaEK.jpeg,0
OIP-Y6BQuvYoeS0tmqv4NnBLYgHaHk.jpeg,0
OIP-y6EyS5UK-itBoMPQexwFCQHaFb.jpeg,0
OIP-y6N1UO8Z6cRICTs7DEXsbAHaFE.jpeg,0
OIP-Y6rxRzTTjYf0QFAQNnb0PwHaEK.jpeg,0
OIP-Y6Wbzl2gI2dcGduo5FESSgAAAA.jpeg,0
OIP-Y73sA7UeDCPf-ltKuCmTzAHaF7.jpeg,0
OIP-y75dJVh91TNZtSXhPnxGswHaFj.jpeg,0
OIP-y7-6rKFKs-e0n6PzWQrFagHaE4.jpeg,0
OIP-Y7ame0PHwk7SlDRAxI9-6AEsDh.jpeg,0
OIP-Y7br128-4XlDtsP2J4vjogHaEP.jpeg,0
OIP-Y7bWufEYCjKLObQa1HM6mQHaFS.jpeg,0
OIP-y7eRU8dmEkkARWCgsfcB8gHaE7.jpeg,0
OIP-y7f97MUcG6cwDWljxiF8dAHaFo.jpeg,0
OIP-Y7FMzuqD4OlBRJiYV1S00wHaFd.jpeg,0
OIP-Y7hysW6SGVdl8dmK8Y_IkwEsEU.jpeg,0
OIP-Y7KyhD1odFEC5rJ8zPMJHgHaEI.jpeg,0
OIP-y7ONc_RIBeqYfcRFxNTi6QHaE9.jpeg,0
OIP-y7PQi9MNrhQFZuDIA3O_1wHaFj.jpeg,0
OIP-Y7qeaQ5HswZW7uPCVRd-4wHaEK.jpeg,0
OIP-Y7QK-nZ80d5-VKTMRiT3HwHaFj.jpeg,0
OIP-y7wQfy1f8qpp_nRNsbCBJwHaFr.jpeg,0
OIP-Y7Y1ZwJzWuB35O7hhBOXcQHaFe.jpeg,0
OIP-Y7ZJXtRMTxUigoGBbDMoowHaE8.jpeg,0
OIP-Y87IF2qA2H9JsTm4I3oQ1AHaFj.jpeg,0
OIP-y8GPU8H1a3IvDSJhat_KNQHaFj.jpeg,0
OIP-y8HuNyEmk_t_oosDOpjPFgHaE8.jpeg,0
OIP-y8iffeoeKFF8HZofkJdM3AHaGe.jpeg,0
OIP-Y8iVuojHrT1ERw3JCUAcpQHaEK.jpeg,0
OIP-Y8Nk9wL4NlBrykJ98mvWwwHaF7.jpeg,0
OIP-Y8S57P0_y7NfYJTdreuA3wAAAA.jpeg,0
OIP-y93obs4aYsicTmcZuUQzygHaE7.jpeg,0
OIP-Y94j2ic6dGAfayZSSDaotwHaFD.jpeg,0
OIP-y98RIw8WvvXe6-73iJwsgwHaHa.jpeg,0
OIP-y9FHsHXaTRYs4T5q3MCwXQHaFv.jpeg,0
OIP-Y9Hb8G_UN7B8bH_RRDu3wgHaE3.jpeg,0
OIP-y9hTivzT1cwzWlpeslmk9wAAAA.jpeg,0
OIP-y9jCBnppvKShPHbYpKVoiwHaFj.jpeg,0
OIP-Y9Lc3aBXRdO_I3lyNwIecQAAAA.jpeg,0
OIP-Y9LeROM_MRB9DaqFyt3IWgHaFL.jpeg,0
OIP-Y9R5MTUNQ0E-O9-gV4HEewHaFj.jpeg,0
OIP-YA0uxaxtoKflISNLy4bqfQHaE9.jpeg,0
OIP-YA8HxFQTVaOE3MeuoldpIgHaFj.jpeg,0
OIP-YA9P2dPuHFvADj2VRp7fRgHaF2.jpeg,0
OIP-yaateVH_7hxv7C9HiUPqUAHaE8.jpeg,0
OIP-YaAyNdJ4k-DJ8lGSarWxhwHaFj.jpeg,0
OIP-yaBDBd1Ds8Oxup3HO8XFOQHaFj.jpeg,0
OIP-YABjN6Hc9-gOANQ3iW2MEgHaJi.jpeg,0
OIP-yAE2NMX23E1bMvcyPVKPmQHaE8.jpeg,0
OIP-yAerSi_WJnJZzT4CLWirAgHaE8.jpeg,0
OIP-YafEJ2K8cxLmuSNnnj0pYwAAAA.jpeg,0
OIP-yaFWtpNnPr0dhBxvfGarnQHaH6.jpeg,0
OIP-YAg1Ns4Hr_bUrDDRWJ_AmQHaGT.jpeg,0
OIP-YaG-7zWoe_kY8_E5JDS5BgHaEK.jpeg,0
OIP-YAgZn5Fb1IPMFlvgrcftAQHaFj.jpeg,0
OIP--yAiLtilIcpRbafXPMw-_wHaGO.jpeg,0
OIP-yAoSIAUFJfIrWQFMlngA2AHaGH.jpeg,0
OIP-YApir7af--L_6FQOC9tijQAAAA.jpeg,0
OIP-YapQXf3IjMQ_SzQSPiEfyAHaFj.jpeg,0
OIP-YaqYGs5PIFCaeypbu9sMIwHaD_.jpeg,0
OIP-yARdNR6Y3j47SU4bixhM6gHaFF.jpeg,0
OIP-yaTVwgaziAC5tbx7KUaW0wHaFh.jpeg,0
OIP-yAV2HU_HOI5MChTv8dUuKAHaKD.jpeg,0
OIP-Yav2Ku5YlBTTbSbxBqQibwHaEK.jpeg,0
OIP-YAvnfMi9Ffq4da3syr8-rAAAAA.jpeg,0
OIP-YAwNBGdtq2aIMbdf695DBAHaGu.jpeg,0
OIP-YaWOmQqIseWPSEX-nZifVQHaE9.jpeg,0
OIP-YAXpCJrucgGInGxjbvBCbAHaGU.jpeg,0
OIP-yB4QSPjlcdYGQwizOZAJogHaE8.jpeg,0
OIP-Yb8ChKk1TAvbwdbpnZxiAwHaFj.jpeg,0
OIP-YBfm8KLGbabzJ9Vqwx0s1wHaEy.jpeg,0
OIP-ybFNyKyXs8a3iaS7y-5SoQHaGM.jpeg,0
OIP-YbhEw8d7Xjl0GeiFPVsKDQHaFe.jpeg,0
OIP-ybht0YmqhxsHokbwu8owMQHaE8.jpeg,0
OIP-YbHUEBJHfwoQc7TpkokeEgHaE9.jpeg,0
OIP-YbJOabgiKvYTUCwQbjKBKQHaFj.jpeg,0
OIP-yBMsLU7UX8RkccPgEfr8aAHaJ4.jpeg,0
OIP-YBnniGSC8sqA4jkp9InGNQHaHa.jpeg,0
OIP-YBPrC8bnUdgXuH62l4EIEAHaEK.jpeg,0
OIP-YbqBJUcrCLA8tLHrUYo-OAHaFj.jpeg,0
OIP-ybqM9IuDWY2tkqM3clTWNQHaFj.jpeg,0
OIP-YbQn_uBUJ4m2fAf0TR0ZDAHaFi.jpeg,0
OIP-yBv80z117f6vV4EN8e7d4QHaLL.jpeg,0
OIP-ybvZST28dWICo9XTq2yq4gHaJ4.jpeg,0
OIP-Y-B-WINmfxbkuDLMzqLTkgHaGc.jpeg,0
OIP-y-c29urxEndaiXExBjGSVAHaEK.jpeg,0
OIP-Yc4SDPQlsdGSsCmGjxFlvQHaE6.jpeg,0
OIP-yc65dyyiX3XGMBlNST4RygHaGU.jpeg,0
OIP-yc6RuEWxenTF6LowQ9ndOwHaFj.jpeg,0
OIP-YCGPKLwC-fbOp2x18Fe80AHaLI.jpeg,0
OIP-yciJzcz9CgBokAvOk-hL7QHaFb.jpeg,0
OIP-YcIYKkClk4cKR230wBucIgHaFj.jpeg,0
OIP-Ycj4mb0p67wmhGHXVfju-QHaE8.jpeg,0
OIP-ycLIijmjOdP9xNiG6TjZIwHaEL.jpeg,0
OIP-yCLSXJnB9EmSnWc5UzBQAAAAAA.jpeg,0
OIP-YCmhFGcH9z79g1mosQC7mwHaJ4.jpeg,0
OIP-YcNEl8QYuNf1CNvUokAUZgHaFc.jpeg,0
OIP-Yco30zmAlRKNKaxcU9JtPwHaFI.jpeg,0
OIP-YCPLSS467sfbCU_-qeBfsQHaEK.jpeg,0
OIP-YCqlH_06v7d1CgT10svXGQHaEj.jpeg,0
OIP-YcRtCRbFIC_L7GYBKbl-PQHaEL.jpeg,0
OIP-Ycsjzn83iCaqDAKtuAccSAHaFc.jpeg,0
OIP-YCSSi-2pH0CKcu56ScTrcQHaFc.jpeg,0
OIP-YcT0_2zcWgFyy8KGQJB76wHaFn.jpeg,0
OIP-ycwaml2pA3wGnCh8NQpCxQHaH_.jpeg,0
OIP-yCWEU_ZFts2hKPG70J20kAHaFj.jpeg,0
OIP-YCWooDgsBDghrMcPjB89uAHaE-.jpeg,0
OIP-ycxyJ5k8La6dDi2GbEwmLQHaFj.jpeg,0
OIP-yCyXok1KVXvl0mJYt3IVUAHaJY.jpeg,0
OIP-YD_9SCYDEh4fdotRTvNPegHaFo.jpeg,0
OIP-Yd1lM_6p1pqt6ICDMZseiQHaFj.jpeg,0
OIP-Yd1ZIuA1cOZSWkJW74lzIwHaE8.jpeg,0
OIP-Yd9Y4FzpKizjhvunnkQx9QHaIH.jpeg,0
OIP-ydC5HaCCqLBP7KmiMnoalAHaFj.jpeg,0
OIP-YdCAP-1wOVr9rJTIAcTGbQHaE8.jpeg,0
OIP-yddgW7tU1pGEKkFinOvIOQHaFc.jpeg,0
OIP-YdDkhy8AMPk9jQA4Zc087wHaFn.jpeg,0
OIP-Ydfsh6j2HZ21vdVQWDt0cAHaFg.jpeg,0
OIP-YDimJuA_Vp5jQAxIz2Nc5gHaE7.jpeg,0
OIP-YDiuODjrqftwOsKuP-44TAHaFj.jpeg,0
OIP-ydJRsFASAIeZsDEu3T-ymgHaFO.jpeg,0
OIP-YDM4pr9FakA-w6XWG_aqTwHaE8.jpeg,0
OIP-YDmNBz4LvjEilNvRb5cDWQHaHa.jpeg,0
OIP-Ydmnwq8PgDdac4-vSUDMZwHaEK.jpeg,0
OIP-yDn1ham7DjZ5oS4zGmiJLgAAAA.jpeg,0
OIP-ydOEHQBFSFfDLI6QkgLyygHaHa.jpeg,0
OIP-YDPuookTAWL3F_50gBnPIAHaFW.jpeg,0
OIP-YdR76TbJ0eE6yI1T4cMVaQHaFc.jpeg,0
OIP-ydRdSimr8Q58BQAqXZKD4AHaEJ.jpeg,0
OIP-ydSRmY3meDax4CucsRTYvQHaFj.jpeg,0
OIP-YDtIRSYMni6wgTHCRNDE3gHaJ7.jpeg,0
OIP-YDy-7k6tufh8qfEOYQDfHgHaFY.jpeg,0
OIP-YDzu2UV5WX6WqxkvtV-dngHaDl.jpeg,0
OIP-yDzy0tpddmUF9cdEocyeUQHaFU.jpeg,0
OIP-yE0bZ_IfMtr-SL0VS3iAKwHaFj.jpeg,0
OIP-yE1E55P_OFSjtKmso03LswHaE8.jpeg,0
OIP-ye7thQ5-qCtZxXZJqYwnbwAAAA.jpeg,0
OIP-YE9OFJVKN8oTj_oDLcV2-wHaFj.jpeg,0
OIP-yeBi7R-rGuHHlXuNmjoAZQD0Es.jpeg,0
OIP-yEBJlf3hvBYjpaa5TbOkOgHaHa.jpeg,0
OIP-yEDzihMNoXF-xOUTAU6Q3AHaE8.jpeg,0
OIP-yeeem00NdEf6ENjzRGE5UAHaJW.jpeg,0
OIP-YEfQoFAFUq09PdvmlyndvwHaKq.jpeg,0
OIP-yeG-f1sVhKjKASlq_wwPbAHaFj.jpeg,0
OIP-yeIFN-pyg-Ewti8esESt9AHaFj.jpeg,0
OIP-yeJ8ZZxm2i6fYTJyRdTDEwHaJY.jpeg,0
OIP-yEKjyLYQD0Zd9y410iniMQHaFj.jpeg,0
OIP-YenG4YuU1dBbEaRLp_AYugHaF2.jpeg,0
OIP-yENl5e-nkwAAWvxL4fUr4QHaFH.jpeg,0
OIP-Y-EO5dVtQ2oizcaGgU7XPgHaFj.jpeg,0
OIP-YeP5Q5ri1BrYwL92V5qMEQHaIA.jpeg,0
OIP-YEpzTC9Rj9mn-vfQRhubMwHaE8.jpeg,0
OIP-yERX030eKf4ERBXZn7RfAAHaFk.jpeg,0
OIP-Y-eyiMYLkFynFsuCr7LvcQHaE8.jpeg,0
OIP-yEZXHC25wN0aaUGHgJE_JgHaE6.jpeg,0
OIP-yf8ZOdTdNRqs_ji3BGxvNwHaFj.jpeg,0
OIP-yfBs_TDLvknN9b0qTSZHMAHaFb.jpeg,0
OIP-yFCsrW17X-oilPwJNdLiOgHaFj.jpeg,0
OIP-YfgUTn_N-nKcwnprxcuCCQHaGe.jpeg,0
OIP-yFGxz3djgyy1y0QbobQBSwHaHa.jpeg,0
OIP-YFhvAtgQdl8fAqdkdIMQrgHaFj.jpeg,0
OIP-YfIXAVtEmYzYFw4kgTTiaAHaE8.jpeg,0
OIP-yFkf6c5jYoBpaQnet10UBgHaHS.jpeg,0
OIP-YfkPOg6mv0zH9-2vMuYWywHaGC.jpeg,0
OIP-YFks69D7MhoN_GUmKW5iCQHaJC.jpeg,0
OIP-YFlPwvJ1AIpUa2Z4iwBa1QHaFj.jpeg,0
OIP-yFNpklFwbbwaGnhHF1tcxwHaE7.jpeg,0
OIP-YFSVaIx2kK9YS6Elh7y2EAHaE8.jpeg,0
OIP-yfuzLEFPv8c3V3Vj2_UxtwHaHD.jpeg,0
OIP-YfVBex9nO4mkr2QV_96rnAHaHZ.jpeg,0
OIP-YfxA4cLUGxbGXr1c2NPIcwHaLH.jpeg,0
OIP-YFyAL6frLpA7UopWeG1FJgHaE7.jpeg,0
OIP-YfydUTzpuSEs0Ya8BnhOJwHaFK.jpeg,0
OIP-YFzMgWLbLG9ssDQ-4wdhqwAAAA.jpeg,0
OIP-yG180dmfG_jSg2K_6iei9AHaFj.jpeg,0
OIP-yG5_jyvFR9Moi4b9V2l3VwHaLJ.jpeg,0
OIP-YG55tVOg0x4johiKGIvGZQHaFI.jpeg,0
OIP-YG9IY82WTxPe96N6BSqQ3gHaEK.jpeg,0
OIP-YgAccNVLfBfzHEBhygyjJAHaE6.jpeg,0
OIP-ygBcWExGUYB08ajAijP41AHaFO.jpeg,0
OIP-ygbe4i0-1ewbEAI8aiV6kQHaE4.jpeg,0
OIP-ygDZzFQIlEpSCXKwJPoG8QAAAA.jpeg,0
OIP-ygfPaNnmUlnetNn9zAZMdQHaEo.jpeg,0
OIP-Ygg3ttVO665i1nQiMwnndQHaGt.jpeg,0
OIP-YGg61vIqhZAyqaVE5QhLiQHaE7.jpeg,0
OIP-YghQVlDnrRY6_HM6Z8ErwQHaFS.jpeg,0
OIP-yGJORnjmOSWi4grYMf62VAHaJb.jpeg,0
OIP-ygMp0ySnR1ksxSPGLe8_EwHaE8.jpeg,0
OIP-yGnzZtP_TQAaxrLdLDvWSwHaFI.jpeg,0
OIP-YGO_Nzx8o2ODcXeZW0zKZAAAAA.jpeg,0
OIP-YGoGMvaerGjTgVOCePHjTAHaEo.jpeg,0
OIP-ygQPZJNFt8P33xgovR5RyAHaFP.jpeg,0
OIP-yGSfka8sL--8ZUt_tVRVkgHaEK.jpeg,0
OIP-yGTndEA_Gj-tv4UxZeAkFgHaFI.jpeg,0
OIP-YGTnQXoAewDJkJrSG-J7RAAAAA.jpeg,0
OIP-YgUPGYR0bpPTcacgXUxrSgHaFK.jpeg,0
OIP-YGutz0dHYgYaRK6GUAKlTwHaDt.jpeg,0
OIP-Ygx8HBXB1ItA1muvsljM7wHaE8.jpeg,0
OIP-Yh0vCV3UtNn_5asbtvj9fgHaFj.jpeg,0
OIP-yh1h7SwExR8BX3a1rZ05rgHaFj.jpeg,0
OIP-YH6aqzoSEhn95BFILecnXQAAAA.jpeg,0
OIP-YharsH9zZ9W6weJadUawKwHaE8.jpeg,0
OIP-Y-hB14A3coI7TEgrEew0UAHaFj.jpeg,0
OIP-YhbtsN3qwQJx9XN3ws66iAHaFy.jpeg,0
OIP-Yhg9Q5-sQwWOE9biFUC7pAHaJM.jpeg,0
OIP-yHgXL5IKFcKsdZqqLtyA3QHaFT.jpeg,0
OIP-YHhNFMosfdT6P1QMpjXxRAHaFj.jpeg,0
OIP-yHImPUT7BKjWeP520IMoPQHaHJ.jpeg,0
OIP-YHiOUZCimTWatJOEG3z_2wHaGo.jpeg,0
OIP-Yhiv7nSkTScLudsOfVhREgHaE6.jpeg,0
OIP-Yhj1vx3cjuvAUIb6A99MHAHaE5.jpeg,0
OIP--yHkD8lx6IY38YHQhLyrgAHaGp.jpeg,0
OIP-YhqPq19NMWdYZbqd1LdFmAHaEK.jpeg,0
OIP-yhsoTARxcdAAObddIUCizAHaEK.jpeg,0
OIP-YhSyjBc2spk5y8oN6maaIQHaF9.jpeg,0
OIP-yHtCCcWeKSf1f5ZSpDF5hgHaFj.jpeg,0
OIP-yHTeNq9R8DDfsXFXfI7w8gHaFc.jpeg,0
OIP-Yhum4muYolk1GHGjslGbYAHaEM.jpeg,0
OIP-YHuW9cZ-N0KknPVKZWllYAHaEK.jpeg,0
OIP-yhxTD_VnYe_rE3dYB8_fEwHaFE.jpeg,0
OIP-YHyLhAJjDfbyuq4CHw58xgHaE7.jpeg,0
OIP--yHZdwHAOLvxQoMTIXUt_QHaFj.jpeg,0
OIP-yi_z_1Dcdz1d__KeU-U_7AHaJ2.jpeg,0
OIP-yI1b8Oa4nZtUYxFbJxsfOwHaFj.jpeg,0
OIP-yI2uGDsEjeTOGj-quqcWLgHaEK.jpeg,0
OIP-yi3kvE7_uxui2a4F_PYyPQHaEK.jpeg,0
OIP-yI-e_vU-SkuaFpqaVIC84gHaFj.jpeg,0
OIP-yiETz96zrD9UOA8Jb_2FxAHaFX.jpeg,0
OIP-yIFOn20fxhRcJ29O9uJx7gHaEo.jpeg,0
OIP-yIG73ofFttfk9gGumKyVQQHaEc.jpeg,0
OIP-yIgJP1lDmLXgZgsGQmub4wHaFj.jpeg,0
OIP-yI-jQFDMofeukpa6PJqI9wHaFj.jpeg,0
OIP--yiLmzRU0TOZueGBvE5LzgHaE7.jpeg,0
OIP-yImgX_ieA4Hl4frj_X29sAHaF5.jpeg,0
OIP-YinEwz-cVGsYW2NUDlflpwHaE8.jpeg,0
OIP-Yio1IWV3YK1BJOiY2HLEwwHaE1.jpeg,0
OIP-YIoPgxBZWErbRZpMYBwiSgHaEK.jpeg,0
OIP-yiruWL_1sSI-sUacVzeAjwHaGs.jpeg,0
OIP-yiScgxRUruIv56_1ziafWQHaKS.jpeg,0
OIP-YiUU9cAJM0jA_43YRG7MqwHaK2.jpeg,0
OIP-YiVGgzdh3yFYOCVEViO8LQHaFj.jpeg,0
OIP-yiz21nly_eu3Fuuby9nA0gHaE8.jpeg,0
OIP-yj_3_dzhf86AaNr5goxX1QHaE7.jpeg,0
OIP-Yj_dK3lLumjCC1BlCqhLegHaI0.jpeg,0
OIP-YJ0Ozk75-nkF2S4YCn48hgHaE8.jpeg,0
OIP-Yj0uEpfMjfgIcw7KQM-mFgHaFj.jpeg,0
OIP-YJ2FwLZzwZfvOucJenqJLQHaHa.jpeg,0
OIP-yJ2pIjN9Lr1HMYWbUZ9asQHaHa.jpeg,0
OIP-Yj8ApFNAo_ozPhE637_kZAHaEX.jpeg,0
OIP-yJ-9nmzFjRckSjmr_WnvtAEsDT.jpeg,0
OIP-yJB7K-70pklUpUEaaEkCegHaHa.jpeg,0
OIP-Yjd2DLbqyaYRqQ1kRe6PWAHaE7.jpeg,0
OIP-YjFDJ5oNFcSrbuCYBX9mRQAAAA.jpeg,0
OIP-yjFjp8x8rNZz7R_V_JGyxwHaE-.jpeg,0
OIP-yJhU-1x5zoyJ4RR5dLb-ZQHaIy.jpeg,0
OIP-yJIxn36Q3pSZhsSEph2h3QHaFK.jpeg,0
OIP-yjk5EGydup78Lj5ACVCkpAHaEr.jpeg,0
OIP-YJMT6MtflRzEddo3bzcVVQHaE7.jpeg,0
OIP-y-JMTqVZxFve9krHOGeQ-wHaE6.jpeg,0
OIP-YjpqHaa5TgVhv87dKirgtQHaIb.jpeg,0
OIP-yjuaGm887pQuqyyAM7PB7wHaH7.jpeg,0
OIP-Y-jVYYnGQBpge8XkgNCMDQAAAA.jpeg,0
OIP-yjwYK_d7cK0yMDZA_1xFyQHaE8.jpeg,0
OIP-YjxQoggelYXeJ9DZeRN9qgHaEG.jpeg,0
OIP-YJXyrAY22ntFWUVIPek8kwHaEK.jpeg,0
OIP-yJYH4mr8eU1-mQbfIh8bkAHaIF.jpeg,0
OIP-yJYwAYCXKlGvOi47_P9GzwHaFj.jpeg,0
OIP-yjz3HDAtK0E94baTZOq0vAHaFP.jpeg,0
OIP-yJz4drW6y-uIv3UGklkD2wHaGf.jpeg,0
OIP-yk0X7agqk7b--fOVDE5uyAHaFu.jpeg,0
OIP-yK1dFV2vg_tudKbJ1YaLqwHaF6.jpeg,0
OIP-yK6p7z0xmd5_3Z3EbX-niQHaJ4.jpeg,0
OIP-yk-8U83ajZXSYrzLOo-EggHaEo.jpeg,0
OIP-yka4v1ZUQe3hUWhp6Aq7tQAAAA.jpeg,0
OIP-YKaq1J-q7ptSBjYObU_HfgHaE9.jpeg,0
OIP-yKcrgjIjzU_Cczz-GOuG0wHaHn.jpeg,0
OIP-Ykdgvuj4eXxamEVLON4wLQHaF7.jpeg,0
OIP-YkfQ-POULAyJ6QgTwGMVbgHaHa.jpeg,0
OIP-ykJbsk8Wmt_MsUzu1FjbkgEsCn.jpeg,0
OIP-YKlPRYz_jTK1f3yA_eaS2wHaFj.jpeg,0
OIP-YkMfJqPEYok0K-6bIILq5gHaFS.jpeg,0
OIP-yKMg1U7J7qVq8bffVstgOQHaGT.jpeg,0
OIP-yKRdqRKZ7zN8JcoNQB7x7AEsD-.jpeg,0
OIP-Yks4l6PKEBREHOZe75DqpQHaFj.jpeg,0
OIP-yKsdCMmOVq14HoO2lLE4IQHaEK.jpeg,0
OIP-YKTV17QtqkLIIGBc7eeOZAHaE7.jpeg,0
OIP-YkTZSqE8grCOl8j0wjQzuAAAAA.jpeg,0
OIP-Ykv4UIvJtjedkWi9QPbfGgHaFj.jpeg,0
OIP-yKw7S21EZslwi83ZcNGNigHaEn.jpeg,0
OIP-yL0XrlEm6DPqAbSLO2X3EAHaHa.jpeg,0
OIP-yL1IijOW9pU1bGqRmd1Q6wHaFI.jpeg,0
OIP-yL805wo6Wcs8n4zB6Pk1sQHaFj.jpeg,0
OIP-YLAWtT7J2BluyhLcvxdk5AHaEK.jpeg,0
OIP-YLBNzdH1VeVPLNLUI-r3BQHaE0.jpeg,0
OIP-yLbyIOxUy4yozO8b8s74mQHaHZ.jpeg,0
OIP-YLcuYH2EYn1s6fVpyf6jbwHaGd.jpeg,0
OIP-YLdFmzsMVC0_mU1byfuZ-gHaEK.jpeg,0
OIP-yLDqXWwYPs9OYu7DAUM5YwHaE7.jpeg,0
OIP-YlE_6-e4sx9KCCHOZzEQdAHaE4.jpeg,0
OIP-YleSHgtbJe3GQAXle0YM-wHaE7.jpeg,0
OIP-YLflLOE1XPSDnIC4EoD8ogHaJZ.jpeg,0
OIP-ylFRl8TZGv3W4789R31E4wHaFi.jpeg,0
OIP-YlGtxVdvx0LHygC9TqmOnQHaEU.jpeg,0
OIP-yLHtUL4T95AK7x2Va9aZ4QHaGQ.jpeg,0
OIP-yLJovM5_nAzGbqDQZ1SEhwHaJo.jpeg,0
OIP-yLlSdXiqkIk2DVhj6c8BywHaEK.jpeg,0
OIP-YLN03UH72BFEbwuEj7CASgHaID.jpeg,0
OIP-YLo3be4IHIvMPVAO_40QYQHaE8.jpeg,0
OIP-yLPxCv0d8yJGudDbf7LbKwHaFj.jpeg,0
OIP-yLtK9iyUg7QgM_AM2ONZawHaHn.jpeg,0
OIP-yLvvDGYlMAhhXBkTPvA4IQHaFi.jpeg,0
OIP-YLW00ZzugyOjQ6ldZh8LCgHaIC.jpeg,0
OIP-YlX61GwJLSPuWDPzACZUwQHaE8.jpeg,0
OIP-YM5WQMs7KoxlK7RaylWEUgHaJJ.jpeg,0
OIP-YM8LcaXu0v8Y6g7sEsChNgHaGX.jpeg,0
OIP-ymBanFBh8sMCwIq_ZMAwEgHaHr.jpeg,0
OIP-yMGhUmTwn_tzRtgWU3mzwgHaKa.jpeg,0
OIP-YMItUZcrTp-yvVD_FnLVigHaFj.jpeg,0
OIP-yMM1gjGb1N2TziU0DTc20gHaF4.jpeg,0
OIP-YMMdROABkwMWWwGXlSI-mwHaLH.jpeg,0
OIP-ymOzmVNmuXASXZXF8DxdYgHaE7.jpeg,0
OIP-Ympr9MUUzlGzFjjrtE1c5QHaE7.jpeg,0
OIP-YMPwpCj1fT8H06HyBSbKfQHaE7.jpeg,0
OIP-Ymsp-Oe72Da-uuqPfhKc4wHaE8.jpeg,0
OIP-YMUje7Kos50CEvjxdKxlNAHaFj.jpeg,0
OIP-YMXD4HMK86ZOEmHoEuHMTwHaEs.jpeg,0
OIP-yMyA_v04q3yh4rKJ7VNFcAHaE8.jpeg,0
OIP-YN_4Y8MVeS8RftT-PSCLWgHaFj.jpeg,0
OIP-Yn7gTUmMkgKDvV6FyYzpiQHaFj.jpeg,0
OIP-yn99HUpTmYRJI3ttmUkYOQHaFN.jpeg,0
OIP-YNA6QlMvAv5Sgkdd0cdRuAHaEK.jpeg,0
OIP-ynAoUW23rzwGY5YT8WwnhgHaFA.jpeg,0
OIP-ynBaRLCcIBEDsdCnnYCxjgHaE7.jpeg,0
OIP-ynDeXyTQ_6qG0kc_pS2itAHaFu.jpeg,0
OIP-yNDf-ruD3aWAA14mJWpB1AHaEK.jpeg,0
OIP-YNdo4JVO8Zv-razWemwX8wHaFj.jpeg,0
OIP-YNdsWHK2HcrkWmHMWSKxGwHaEt.jpeg,0
OIP-Y-NFwRJwRSswpu7BWHqwVQHaLH.jpeg,0
OIP-yNGnUjnZ7cuskPMqHg50JwHaFB.jpeg,0
OIP-yn-HWD8oZUQ47FhOFBbTZwHaLp.jpeg,0
OIP-YnKLqp8AjcA2RfMYDNukAQHaE7.jpeg,0
OIP-yNmbRNG5AryNVSt3Pn5NEwHaE7.jpeg,0
OIP-YnOgPF6iyEbmrPr_mG8KhAHaGJ.jpeg,0
OIP-YnOIr3IRTCLio6NLOlXgdQHaFj.jpeg,0
OIP-yNOvbu6jPEikpaoU5uaQ1QAAAA.jpeg,0
OIP-yNP7nie64h45XzXWUK2ZDQHaH4.jpeg,0
OIP-ynPgue9MX5T_rLNTIdixTQHaGL.jpeg,0
OIP-YnpmR1tuD84ujm6GDl-t5AHaFi.jpeg,0
OIP-YNqBf_ZQHJthXHKsk-UE2wHaF7.jpeg,0
OIP-yNuCv-Qj8lZtbjfWhvaRpAHaE8.jpeg,0
OIP-YnyHpkrf-BOXAVTWM8XWRgHaFj.jpeg,0
OIP-Yo0O0olR66DsCBp6y3Z-TgHaFj.jpeg,0
OIP-yO0sqt-bee5i09WaHkH-qQHaFj.jpeg,0
OIP-yo4BhLWnzy03EhF3EMpkFAHaE7.jpeg,0
OIP-YocGV66oI1W9WLKWYC_anAHaLG.jpeg,0
OIP-YOD9YX07m7dz3gxH33dcZAHaFj.jpeg,0
OIP-YOfxSIw03oUmiNRXzU4MewHaDs.jpeg,0
OIP-yOHK5ZIP967zD4Yl2-32QwHaFj.jpeg,0
OIP--YOIKWP2AP0VVgYTomJcCQAAAA.jpeg,0
OIP-YoLyyzHee6BHTx01rbqSEQHaFh.jpeg,0
OIP-YoNUIAbWzsvhdtUFaGQD1QAAAA.jpeg,0
OIP-YOOVDZNPXOAnjg-88ikvrQHaFH.jpeg,0
OIP-yOs7IBqMlgZvVbQjCcA4JQHaJL.jpeg,0
OIP-YotNOzwaT_j8OrIiuK6pTQHaF4.jpeg,0
OIP-yOVh_3_5oj1srhQ7uoDK6gHaFj.jpeg,0
OIP-yovrYUSoMXp_nM7QIJDVzgHaF7.jpeg,0
OIP-YoVY2RIlr9E8uCxaYRU0YQHaE6.jpeg,0
OIP-yOwlO9VifEdjTDhA0kSQDAHaE8.jpeg,0
OIP-YoXyDt_LP0Y7wQYOjQA4YwHaFj.jpeg,0
OIP-yoZ1Q3dD3VlNtSnBurtbswHaFR.jpeg,0
OIP-YozOq8CIzAcAClQtBmvzwgHaHe.jpeg,0
OIP-yOz-PbUNxp5CS-TJHGgLTwHaFj.jpeg,0
OIP-Yp9VPVmu9QA1TfL9ede_ywHaHX.jpeg,0
OIP-Ypa6EztPrgILj1YBHifmswHaFj.jpeg,0
OIP-YpBAHaZzuk3QtiD_5o0y0AHaFT.jpeg,0
OIP-ypb-bfB-DPRc7mYRWeBjIQHaF7.jpeg,0
OIP-Ypb-exvQB6E4e0sadWI_KAHaE4.jpeg,0
OIP-yPBl7Uzgro2BR6cEEFS1UAHaGD.jpeg,0
OIP-ypbNKIAgs4kfBvQhoYWOrwHaE7.jpeg,0
OIP-yPcAcmqAt-WrHbIl-nb4uwHaE8.jpeg,0
OIP-ypckWrHiAmrRlokFOX12rAHaIn.jpeg,0
OIP-YpclfzhsHpUNeATnfsUbagHaJ4.jpeg,0
OIP-ypGfjCfYJKGIUuS-uDu2SQHaGn.jpeg,0
OIP-yPHcMJShWsXsIAfaLSeCEQHaFx.jpeg,0
OIP-yPiknydfufoVruU8CACzUAHaEK.jpeg,0
OIP-ypKTu5jpW99DTvpdc2SmJAHaFj.jpeg,0
OIP-YPkzcLgvt5uVHwN4CaVldgEbDc.jpeg,0
OIP-yPnoy1IkDhxesASdsRhxqwAAAA.jpeg,0
OIP-YPoSjLn0qIlVNoV7SCk6VwHaFi.jpeg,0
OIP-yPPD3M1EmCOpAs5KnERxTAHaF9.jpeg,0
OIP-yppSvtYWX3SYW9tuJciEjQHaEc.jpeg,0
OIP-yP--Rnl7fF601Kc_UBOqoQHaGV.jpeg,0
OIP-YPveGp_G4SlpcfThQOv2kgHaFj.jpeg,0
OIP-ypvnupPWTKy395NuuNHdBwHaE8.jpeg,0
OIP-ypVNX-jKLKO-_3N4LQ8GSAHaHa.jpeg,0
OIP-YpWhjLz1o2odsEb7bo34QAHaFM.jpeg,0
OIP-yPzJ4vhOeFkEDm8em0aNrgHaES.jpeg,0
OIP-yq_2vPtlBc9NGRjCnW7O9AHaFj.jpeg,0
OIP-Yq4HFbjTfCO9sK4tXmbytQHaFj.jpeg,0
OIP-YQai0xPlU8nETNvS2OPDzQHaFN.jpeg,0
OIP-yqcuOBW2EiwbSTkVsn1vTwHaHa.jpeg,0
OIP-yQGbw-Rn6_PDAvIl_LakLQHaJ4.jpeg,0
OIP--y-qGMDO87jwtTnheP1lggHaE8.jpeg,0
OIP-YqGP_ZIk02Qq-ck2wM7qxgAAAA.jpeg,0
OIP-yqiDUfEUWjYGAFDe2eyHlwHaE6.jpeg,0
OIP-Yqit4fRjcrPNUUBTCdefGgHaEK.jpeg,0
OIP-YQJyamt0GtWaV8OcWBOFTwAAAA.jpeg,0
OIP-yQMWsa2FU-4ffK5WbAM_4wHaF0.jpeg,0
OIP-yqNaQIDug0L2sd8e3uw0oAHaEs.jpeg,0
OIP-yQogiuR7T422WZW0DfdLUgAAAA.jpeg,0
OIP-yQOkOWMC6j5lByDZgBPb0gHaE8.jpeg,0
OIP-yQPxH8ylYXtXPC1nCkL6bwAAAA.jpeg,0
OIP-YQR6sYWvqqbZ9rdFfLSVdgHaFj.jpeg,0
OIP-yQrmMj0P6ZJsQ1WZ0j_WbQHaFF.jpeg,0
OIP-yQuY_YOBgS6dyTOS2VYFmAHaE8.jpeg,0
OIP-YQXaeXxaHofNUT_VI4ZyXgHaDB.jpeg,0
OIP-YqyTpOZwWDVB9fjPmRCl2QHaFj.jpeg,0
OIP-yr0ipS-MVSM_4SamCIG6hwHaE8.jpeg,0
OIP-yR0qOT2mrMxJ46dgjKSXcgHaHc.jpeg,0
OIP-yr3arwBSVWn3SZM_eo8bfwHaHa.jpeg,0
OIP-Yr4dHZUsE06rDsl5feGXCwAAAA.jpeg,0
OIP-yR6JKM0_Lbq07pkmGEbIoAHaE8.jpeg,0
OIP-Yr6M5g4v3plj-XggL9giOAHaE7.jpeg,0
OIP-Yr8nssZxBRKmlj_4bVctjQHaGE.jpeg,0
OIP-yR8YCC2mnURy8Fgt8LthXgHaE8.jpeg,0
OIP-YRb_rnyhYLQsiVPqRCTnZgHaF2.jpeg,0
OIP-YRddKmB1Sox_8PFx7kN5DwHaJC.jpeg,0
OIP-yrDnVDB2X0pTQapZWX4MfAHaE8.jpeg,0
OIP-yRhtbVWjel4W2f6HyUXE-AHaF8.jpeg,0
OIP-yRiKrj6uzbfj-mhUD2ERiwHaLF.jpeg,0
OIP-Yriy34724s3GpwU1My6_pAHaFj.jpeg,0
OIP-YrjJuzczPWtnmM49AzAOJwHaE4.jpeg,0
OIP-yRk1uhrwPUlXtjRsmpXctgHaE8.jpeg,0
OIP-YrkykgfBRezEr041yzYScQHaE-.jpeg,0
OIP-YRlnNiIVpOdUi54zRktYRAHaFl.jpeg,0
OIP-yrLONRQAYFpV6BiZ9F5psQAAAA.jpeg,0
OIP-YRqNbDfDkqRY8Z_mLrlgVgHaFL.jpeg,0
OIP-yRS3j_l2qeYrkcZA2HWbggHaD3.jpeg,0
OIP-yRSUIefxbA4qnKvmV-LQIgHaGU.jpeg,0
OIP-yRsvdxe5rDaCEikMDWDlSwHaD7.jpeg,0
OIP-yrutVSSIu0pKoDGJm5cCXQHaF5.jpeg,0
OIP-yrVN1bK4ojWS4Yx4MjPfVwHaMW.jpeg,0
OIP-yRWJgpu2dvuRPKY1eDgNfAHaFj.jpeg,0
OIP-yrxQiEPNPJHfUL2_PUtZ4gHaFI.jpeg,0
OIP-YrzFuIdeX9RobM34GUQLXgHaFj.jpeg,0
OIP-yS_ywRYTivJRcPa4Niu4QAHaFV.jpeg,0
OIP-yS4OGEGSS1M-WVXHCijJvAHaFj.jpeg,0
OIP-YS5iZo21-pBOXrTToPlOGAHaE4.jpeg,0
OIP-YS9vWezpqOjB9Q6H4640CwHaE6.jpeg,0
OIP-ysaCOurFtmn4JKvx1sFyhgHaFc.jpeg,0
OIP-ysBAYy3a2FHEeEOtGMHzYQHaE4.jpeg,0
OIP-YSBJtsDgNOfzJfuk4UHDsAHaEK.jpeg,0
OIP-ysblzRZIIJfG8SxaKU-xKwHaFj.jpeg,0
OIP-YShlSxaBKdKFMxkPfDb1BAHaFc.jpeg,0
OIP-YsLGeTEPZbhzrBufsN4VvQHaE-.jpeg,0
OIP-ySN-hpZ1Sn4LiR-Yy7auQAHaFj.jpeg,0
OIP-YsOhyGPoVqgPNrbiHzP1nQHaE7.jpeg,0
OIP-YSQm86ak6OrrxDkKufREegAAAA.jpeg,0
OIP-ysr6e0rJOOkB-ia7QSwuAwHaIV.jpeg,0
OIP-YSrdVAlVHKHY6Rg0NTOFIwHaFj.jpeg,0
OIP-YSRlacJJHUH4pPbEBR8vqwHaFj.jpeg,0
OIP--ysTUSbhCFBjrIdKdu2PpAAAAA.jpeg,0
OIP-YSV6Dor9lo9vmYBQyMEH7gHaG0.jpeg,0
OIP-ySvKct2ZT7UazyDUN4eoMwHaFj.jpeg,0
OIP-YSvTbdQNxAe02w2JYQGj4QAAAA.jpeg,0
OIP-YSw6HhGlOq1Y07zDYuBjrwHaEI.jpeg,0
OIP-ysY-9BfBtzHy9GO6UQszrAHaGx.jpeg,0
OIP-Yt_4ZnI4BgCOX1uHV1jaKAAAAA.jpeg,0
OIP-YT9-aM3XtMHBSRLI4fyX7gHaFc.jpeg,0
OIP-YTa8Ko4TXg5u6ZCDMLiSFQHaLH.jpeg,0
OIP-yta9xCUkoHvHjiUar1iKQQHaE7.jpeg,0
OIP-YTaI33wWraLDeGCCUVRMvQHaHV.jpeg,0
OIP-YtAM3qUnSzZarSAC4_TurQHaFj.jpeg,0
OIP-yTcOtUItoVlAzinY8mGwowHaHa.jpeg,0
OIP-ytdrG9sHgWN5vuT2tqP9QwHaFj.jpeg,0
OIP-yTeONkbtKVAYsjeufhrBfwHaEK.jpeg,0
OIP-ytfDwDvoPg86rzWKVh-KmwHaG0.jpeg,0
OIP-ytfT8p7tRAYsx1C05S7dFQHaGf.jpeg,0
OIP-ytfyiMBXwQeO9BmVEXQ1rwHaI8.jpeg,0
OIP-YTgN9FGZDyAejXY8YlZ7swHaE8.jpeg,0
OIP-YTGq9vb6tpTzZ4c2-bwEKwHaHa.jpeg,0
OIP-YTh510mkfo_UqI7miMVBxgHaF8.jpeg,0
OIP-yThY8Z2i4lTXE566KbpRpAHaFj.jpeg,0
OIP-YTjAmT4zT-R1froxs0I3mAAAAA.jpeg,0
OIP-yTjhzk9bEA33_rJtS8VqAAHaGc.jpeg,0
OIP-YTkShz7nLfdJFXqXQqrlHwHaJ-.jpeg,0
OIP-yTlS82zJzQbFqYdkCJ_w1gAAAA.jpeg,0
OIP-YtMbQsIVkqi2bu8dV8cRhQHaFj.jpeg,0
OIP-ytmfl7C5pbd46M8cK_yBmwHaFN.jpeg,0
OIP-yTNK11ZqJttOACZpdXgp9AHaFj.jpeg,0
OIP-YTRdAUfaVbsSu6DB2klLfwHaG_.jpeg,0
OIP-yt-rH0g40LggjQVhi8segQHaFz.jpeg,0
OIP-yTsVqcBZ-exAAPnZdsp-VwHaHx.jpeg,0
OIP-ytuefXIPtJNTQTghzHpipwHaFj.jpeg,0
OIP-YTuWozo7bu-9Duxmsh-vFQHaGA.jpeg,0
OIP-YTv8p-bGpSQDMluSZh72yAHaE8.jpeg,0
OIP-ytvQKHU1jM6XCuEWDHFChgHaLH.jpeg,0
OIP-YTwc1wLZYAra8E76c2XilwHaGG.jpeg,0
OIP-YtYimdBmNGIYbPYo23x0VAHaEK.jpeg,0
OIP-Yu2kx2hDn36E7q4K4zRhSQHaFt.jpeg,0
OIP-Yu32H_EhSqQXohNmDnEsSwHaIK.jpeg,0
OIP-yU4BOMVE14rEDOvLFUtKMwHaFj.jpeg,0
OIP-YuAodSflaDMG44Zzf-H1xgHaEL.jpeg,0
OIP-YuBkKW9eQnm7XLXRILrtWQHaEK.jpeg,0
OIP-yU-CsRDvGX7_8UYbtKi-MQHaE1.jpeg,0
OIP-yuf_ZuUtcst-yklRNvU_3wEsEI.jpeg,0
OIP-Yug5cUteWfrpkPeb-hbsxgHaFb.jpeg,0
OIP-YuH3mIIUMlIDw88XwnNlcQHaE6.jpeg,0
OIP-yuhmbEXH7xT-FxnjEECrTgHaHa.jpeg,0
OIP-yui2lNb44ldZbnLdd--1DAHaEb.jpeg,0
OIP-YuITCI_kJLVOInd90bw_wgAAAA.jpeg,0
OIP-yuJpSiKzuvcC48nduwgdiAHaNK.jpeg,0
OIP-YUKjSEibZPyRFK9BZAkGeQHaFj.jpeg,0
OIP-yUkQAdqE6iJjYZIpgaLPFQHaE8.jpeg,0
OIP-YuP6VBB6YoXedPR2HxxjLwHaHa.jpeg,0
OIP-YuPLzICnACzI2gNFNQA1WwHaEK.jpeg,0
OIP-y-uPVn9n28cEy2I9qTkG3AHaFj.jpeg,0
OIP-yuRoMElIJnFvog3-Keh3hgHaGB.jpeg,0
OIP-YUSgUCsLyaiQjaTeRe4O5gHaHa.jpeg,0
OIP-Y-UtszuxgHNzwtUE15s5rAHaEK.jpeg,0
OIP-YUvS8V0CpsBI3NmKsYJXBgHaIl.jpeg,0
OIP-yuv-wjOySwOQ6gCs6fQ1IgAAAA.jpeg,0
OIP-YUWyxmSzbuijioMF8UZwbQHaE8.jpeg,0
OIP-yUYBYcKSr4yp9UZPqv8v6QHaE3.jpeg,0
OIP-YuYcZ7pDI2RhAL9nP1csTgHaE8.jpeg,0
OIP-YUYjzep7JJflK_9ph59C9AHaF5.jpeg,0
OIP-yUyZOZ2XpaKaRFomQRurAAAAAA.jpeg,0
OIP-YV_bkku6-2WDHnvYFdhr2gHaJK.jpeg,0
OIP-Yv9aWuGsO4tDrGqR0rgjaQHaHa.jpeg,0
OIP-YvC-Evt2eWG-u7K0xZN8ZwHaFn.jpeg,0
OIP-YVCfYFO7v5cHWyF3rEZ_nQHaFj.jpeg,0
OIP-yVhqXul8O-x9ao9YOIKvvwHaFh.jpeg,0
OIP-yVhxdlNYBOoHl-xICtSd8wHaE6.jpeg,0
OIP-yvj9D29ksmQgJ6LvWpQlrQHaFj.jpeg,0
OIP-yvJGp2oyBrv7EogLNzm0iAHaHL.jpeg,0
OIP-yVkCAosfrY8twZOf_NbBuwHaEP.jpeg,0
OIP-YvKka0TCIyNPGwVatOjxkwHaFj.jpeg,0
OIP-YVLFPqUqLTiQU-66HkcaEAHaEE.jpeg,0
OIP-yVqQcwtn40ll4fiFwNdhigHaGA.jpeg,0
OIP-YvrKLNxUweIaelFgyreYcAHaEc.jpeg,0
OIP-yVrt8b9H133dZtyxCyjOFwHaFj.jpeg,0
OIP-YvtGXgSnnRWZO_jsjZxOZgHaIA.jpeg,0
OIP-yVvcukdQ_jr7ugBIvMn_OAHaE7.jpeg,0
OIP-yvVJ64OLgclnn1URvzuk0QHaFS.jpeg,0
OIP-YvYKANStjZAu76ZdnVoXOAHaEK.jpeg,0
OIP-YvzIArX9lm6KdV7sJbzWyAHaE0.jpeg,0
OIP-YW2huOSJOPefRR5D27KVzQHaEo.jpeg,0
OIP-Yw7jTscSHaubHA03cToMJQHaJ3.jpeg,0
OIP-Yw7NWDtKfDtTUtKZ21cQnQHaIF.jpeg,0
OIP-Ywb4OmJ8AA6wY8gCNZE6XQHaJy.jpeg,0
OIP-yWF_EEgza7h9rU5I4X7AkAHaHQ.jpeg,0
OIP-YwhTXfa9RcIO2G-e0OWT3QHaFc.jpeg,0
OIP-YwIeC2PA80im2Y8TsIuCGwHaFd.jpeg,0
OIP-yWkIsvgts20p4JJTjwp8dgHaJt.jpeg,0
OIP-yWL50T0v9q0OYRmz8z2EOwAAAA.jpeg,0
OIP-ywqgbA0fdSSQzDrj1liWJwHaHa.jpeg,0
OIP-YWQi5gFkKVAZznDojSPo1AHaE7.jpeg,0
OIP-ywR1iTzpP4Rr083pQ1LmvAHaFz.jpeg,0
OIP-YwTKSTm-iX-pf3Ine14v5gHaEJ.jpeg,0
OIP-yWw4zk0HUbw81Qm7NvherwHaFZ.jpeg,0
OIP-YWWoda5gXTmCEVVqur9vlAHaEL.jpeg,0
OIP-YWxBFVtj0iICNbe5ims-GAHaHa.jpeg,0
OIP-yWXeviymYuTZ9hrf-Vs6pgHaDD.jpeg,0
OIP-YWyEWQpk5sqNJAmd9BgswAHaFk.jpeg,0
OIP-YWYqEb2cChmI_CQ6fYpZ3QHaGI.jpeg,0
OIP-yx1XVbO-S6f5upF0239H9gHaEK.jpeg,0
OIP-YX3Ih9d-Tm-EDxI2yHy8QAHaJ3.jpeg,0
OIP-Yx3tPptkHzJ5ikJICupH8QHaIZ.jpeg,0
OIP-yX7rCcMC3JEr6T_Er_u5owHaEK.jpeg,0
OIP-Y-X8BbNXpQyqGzz1HXbG_wAAAA.jpeg,0
OIP-yxAk3DFaD1T7FNMbR2MmqwHaGx.jpeg,0
OIP-YXaTjiI0TA96rCplHzuCyQHaGT.jpeg,0
OIP-yXaxqej6qbmCY0dO8XKhwwHaEI.jpeg,0
OIP-YXBeTMpCeTPj_AlY9j3w-AHaE9.jpeg,0
OIP-YxdHuyG3D_h2GxgPAoYkfAHaHa.jpeg,0
OIP-YXDyJLmfPWnoKDVn2JlgcwHaH5.jpeg,0
OIP-YXecsfHawWYB8mgqBIJW7gHaD7.jpeg,0
OIP-yXg-XsC0aeFgNMg-BuNA7wHaLH.jpeg,0
OIP-yXhdfSY05RCYJMGBAqvBAwHaEL.jpeg,0
OIP-yXhG6hxKqiN0iqTiiGQZwwHaFX.jpeg,0
OIP-YXiOb-iqR5V8aHfU9ObIzQHaFg.jpeg,0
OIP-YxKaKZ82n3Y8QvEkbzf8yQHaEo.jpeg,0
OIP-yXl5yDIFFDeOErg2lXEitgHaE8.jpeg,0
OIP-Yxli2LPGStzYvTpdATH4RwDMEx.jpeg,0
OIP-YXLRLwFA-TTHX5BWmfePRQHaKR.jpeg,0
OIP--YxmjyUUbmVOTOwA5fv3XgHaFL.jpeg,0
OIP-YXmplfa9d5PKoDf3pu0DQwHaE2.jpeg,0
OIP-YXMWEIWQ0_rw3DZyNfjGGgHaJg.jpeg,0
OIP-YxOpIdb7unl0qHd8e0jl5gHaF0.jpeg,0
OIP-YXPSyYO0Hbmgfx9CdK4SJQHaFb.jpeg,0
OIP-yxQRMH9XGxKKd6aP4MJ5hgHaE8.jpeg,0
OIP-yxR9WMZNwoPVoB6L4L2LVQHaGc.jpeg,0
OIP-yXSHITn05xvRF4YPNTX4FwHaE8.jpeg,0
OIP-yXvYry0Az3Hy1heAsRR4QQHaFj.jpeg,0
OIP-yxXWF5RT9MErykU37-HNJgHaFj.jpeg,0
OIP-YXYCzbuMYSZXgxcdGwGI0wHaE1.jpeg,0
OIP-yxzHGG9DE8Xn5wH9gqsvjAHaE7.jpeg,0
OIP-yY3984-Ic5YYODVjZkr-FQHaFj.jpeg,0
OIP-yy8ZQZnc35789KNSk6K_2AHaKn.jpeg,0
OIP-Yyb-9GHa_GhwpyXX87M2BQAAAA.jpeg,0
OIP-YychsYBQAfWPWw7BS7JI0wHaHg.jpeg,0
OIP-YyeauP0zuVc7i91Up3M41AHaFj.jpeg,0
OIP-YYexVfC98d1zMJGxK1QTJAHaEo.jpeg,0
OIP-Yyh4VlT0b49km9bkiO1-dgHaGS.jpeg,0
OIP-yyh6D2hwNQjC7LCX1CPg7QHaE8.jpeg,0
OIP-yYkUFqt3-Luv8yTCWGJF5wHaFq.jpeg,0
OIP-YyleXNhHclyVkSf4dwVD8gHaF2.jpeg,0
OIP-yytX-O_uKfGYQnuYWKJZWAHaFj.jpeg,0
OIP-yYwfxkMgQ7K-r_sjzFypXgHaE6.jpeg,0
OIP-yZ49leTKnwacXlkXeleEIAHaFj.jpeg,0
OIP-yZ5vvcPPiK5plZD_xa8dvQHaEK.jpeg,0
OIP-yz6ocLK9Ok8jCFEu3ebnJQHaFk.jpeg,0
OIP-Yz7FaJBXM5MtzQev8t_E4AHaHa.jpeg,0
OIP-yz7SEp3TflIuMjwIFwrHZAHaE7.jpeg,0
OIP-yZbyVzKmho9oZE28deTN4wHaKk.jpeg,0
OIP--YzdpS7q6kitqYTzjQa5uAHaGp.jpeg,0
OIP-yZFqF2DrDy1iyg6kR30N4wD5D6.jpeg,0
OIP-YZIVbtRw67HdaYnNbFJiLAHaFj.jpeg,0
OIP-YzJZUubEyJu7R3uSL2EcPgHaE7.jpeg,0
OIP-yzKaioS4GLRrslPRt5vTkAHaFj.jpeg,0
OIP-Yzl3jUFdXce31xAlj4VcHAHaE8.jpeg,0
OIP-yZlhxC18tI-W_dy6XFqmbwHaFj.jpeg,0
OIP-YzMC8-HNg6_XhpwU9Mjh-QHaEc.jpeg,0
OIP-yZNH3aOunKPHr-IaKLd5-QHaHa.jpeg,0
OIP-yzT6UwfgoO_l1ZIb2-SdzgHaE6.jpeg,0
OIP-YzTljtpKSBJZmQmdHOQ-OwHaLH.jpeg,0
OIP--yZtOzsRTiAkhFj67ilZywHaE7.jpeg,0
OIP-YZv_9IdUTJrHFxxlsjt4_AHaGp.jpeg,0
OIP-YzViVEzx6UaXT9etbst6OAHaLH.jpeg,0
OIP-YzWqoT2FDnOEiJ_BFAZGqQHaLH.jpeg,0
OIP-Yzy_3RPeMx_pFqFzHKhxuAHaFj.jpeg,0
OIP-YzZWlCiYdyG6V0W0BZyZQAHaLJ.jpeg,0
OIP-z_9YifLhPW0QANVPHjl0KQHaIA.jpeg,0
OIP-Z_c2YyxIEvHSO_AqJgCtwgHaE7.jpeg,0
OIP-Z_MVsMHpK6WeNwWCfJeWAwHaFj.jpeg,0
OIP-Z_rGpjzd6pPKc8Y763vdjAHaJ4.jpeg,0
OIP-Z_sTu0S2KU4_wVLFRZfu_QHaE7.jpeg,0
OIP-z_vKf7Z8Gjs2JjkUTbbnrwHaGl.jpeg,0
OIP-Z_whLA35A_7m4wZIqMHDygHaFO.jpeg,0
OIP-z_Y26rFvbazALq6sfXjgxwHaE8.jpeg,0
OIP-Z0bgpI2FThfuHh5vRwaI-QHaDs.jpeg,0
OIP-z0dJ7avs4Bn9eK95A0Pv-gHaFs.jpeg,0
OIP-z0DYdNL_0i2S_K47M6AYywHaHa.jpeg,0
OIP-z0hr4IZaZg-8dzMnFG9j9gHaIl.jpeg,0
OIP-Z0rjiaXwaACAujNgPezbpQHaHa.jpeg,0
OIP-z0UEPlOllV3uEYUIOS_W9gHaFp.jpeg,0
OIP-Z1_wc7gmn0kXg7roz8CxEAHaFv.jpeg,0
OIP-z1eVW8vk81IuEkij-qIiMQHaE7.jpeg,0
OIP-z1IPLHRjG7f0Mkh5iH-y6QHaFi.jpeg,0
OIP-z-1iuYXizpdFzQR0H0CoAgHaFj.jpeg,0
OIP-Z1osYjDXBcmia1smPit9TQHaF7.jpeg,0
OIP-Z1OtjJRkDg9mB4Z04lY3FwHaHa.jpeg,0
OIP-z1px7tqiLGw-zjupGLZ0ggHaFe.jpeg,0
OIP-z1uhlwHr5D31NRF1hCS_GQHaE7.jpeg,0
OIP-z-1uhOhwztGOqDulrEaKOgHaE7.jpeg,0
OIP-z1W6sgECKNKjQl6jZJWpXgHaFj.jpeg,0
OIP-Z1wg0mi5S0PZuD0W6OSaiAHaEg.jpeg,0
OIP-z1WgJuO8vFGlaA1fLtRTogHaE8.jpeg,0
OIP-Z1whjix75J8uB2P4GfYR2gHaFj.jpeg,0
OIP-Z1ZqgSv6x9XXL7XlXCK3ggHaEO.jpeg,0
OIP-z215OzyFnPR6r2wuI43tFgHaFj.jpeg,0
OIP-z2bfO2fjpATaiv3zBPyMRAHaFj.jpeg,0
OIP--Z2dg_o5sGo8jua-d6vSagHaEK.jpeg,0
OIP-Z2DiLPsLt3qinOnzy938rgHaFS.jpeg,0
OIP-Z2FYDBGap4PO0kJCMxxxKQHaHF.jpeg,0
OIP-Z2I8o3e87qSjSm85khipBAHaJ-.jpeg,0
OIP-Z2ikffeebA3iFJX4ks8oLAHaHq.jpeg,0
OIP-z2PWlHdCu_wHu-NYY-_jOgHaE7.jpeg,0
OIP-Z2xrVmDmr9uK-biTP3DrugHaE8.jpeg,0
OIP-z3_7olrr6ZA_QUGxeeoGEAHaFj.jpeg,0
OIP-z38CWRo5wbLDejXH884hpAAAAA.jpeg,0
OIP-Z3BKWz-1E0cLbVJdtTm-BAHaFV.jpeg,0
OIP-Z3L_2AYJiiAf6UberJpaFwHaE-.jpeg,0
OIP-z3LYZR9iY5AGzFuvYyVJTwHaGH.jpeg,0
OIP-z3mHSGr2rSD8oA7mbNaewAHaE7.jpeg,0
OIP-z3Q8riSEHzrGjLhfVuHIzAHaEX.jpeg,0
OIP-z3ShXDgJMuN_0iynwvwRvAHaE4.jpeg,0
OIP-z3SJWUNe2F9tMrcFfjlZ6AHaFF.jpeg,0
OIP-z3SZZn87Ayq-_9E5w_SOxwHaE1.jpeg,0
OIP--z3U3A2S2YYyBHV0r_u11gHaE8.jpeg,0
OIP-Z3WkMp9I6ReS2K3YnutuqAHaEj.jpeg,0
OIP-z3YUw780WTCqYZwyy4hZUAHaFj.jpeg,0
OIP-Z45jVUIu0pWiJ9QcsR5L1gHaE8.jpeg,0
OIP-z45N8lRdqAwabNr0OB2wswHaDd.jpeg,0
OIP-z46vROwW3YPa_826QSTKYAHaFP.jpeg,0
OIP-z4BZGwSwbr5mRB41zPhlrwHaE8.jpeg,0
OIP-z4h5WSc1u-tvDoeMEN2DqgHaLQ.jpeg,0
OIP-z4HSeK__ZR11grSe5j4c6QHaE8.jpeg,0
OIP-z4IC2FMKTmQFMsQwskSH_gHaE8.jpeg,0
OIP-Z4k5qvpiHOtA6Erk8iaYrwHaE8.jpeg,0
OIP-z4kMIM0qpiHQj-WGFjwa_AHaHa.jpeg,0
OIP-z4OZ9Sudx_MmdoZJLDLxuQHaFj.jpeg,0
OIP-z4Sh4W1KnyzhQcQ0d-i7dgAAAA.jpeg,0
OIP-z4SqJD-ixyK2xXSMP3oZQAHaE6.jpeg,0
OIP-z4u7KUGvVDP9KYGm5CyM9AHaE7.jpeg,0
OIP-Z4uwhWe_K2BIhvR9bjnvPQHaE8.jpeg,0
OIP-Z4WQ8tuvB3-16SJyLE72nwHaHa.jpeg,0
OIP-z5_PYODGjJn8wMDOjVXD1AHaE8.jpeg,0
OIP-Z59fIyOC6I9ancMM8itDdwHaEK.jpeg,0
OIP-z5eJ-86peALwFXzGHMNJSAHaFj.jpeg,0
OIP-Z5iFmuSQcqpyh-LtYS_hsQHaE-.jpeg,0
OIP-Z5JOIW51WbHPL6vrE8j6uwHaE8.jpeg,0
OIP-z5jsUtsimxNFbuhi3xqCywHaEK.jpeg,0
OIP-z5noVDy8xNA3xNDf59yRWwHaGv.jpeg,0
OIP-z5rafOWOJ-NhLLKPzKnMiwHaFe.jpeg,0
OIP-z5TOnpygrdKsNzeEYaXkyQHaGY.jpeg,0
OIP-z5w7V93Gs7oCTWkI-5GYLAHaFd.jpeg,0
OIP-Z5YNuXq6bNWpZYvlSc1YXQHaI0.jpeg,0
OIP-z6_541dmzAK5YKbyqjQavAHaE7.jpeg,0
OIP-Z6AxmfQ3pECe6YGk699JqgHaKt.jpeg,0
OIP-z6azUmkPF2nT-MsFP3jp3AHaFj.jpeg,0
OIP-z6yQWqUVgODwQjlONFGFrAHaE8.jpeg,0
OIP-z78q3dPlg8RQnZwbObEzlgHaEf.jpeg,0
OIP-z7Bv9bW-cvneK8jkGD9kKgAAAA.jpeg,0
OIP-z7glKET-e-ks3f1EIDFfFAHaE7.jpeg,0
OIP--z7HfLHPexGr2iWx-boH-gHaHa.jpeg,0
OIP-z7LDwSWNR1ETrDFKtVsKUQHaE7.jpeg,0
OIP-z7mAkLenfVJ2awYPNoKaugHaEK.jpeg,0
OIP-z7r25MUl5U3OO1mBP46A7gAAAA.jpeg,0
OIP-z7uoZN8haSYFqiJNB-EYMgHaHa.jpeg,0
OIP-z7uZ1Tit_T_2BmRjzYuuiwElEs.jpeg,0
OIP-Z7vqUjdmHS91z49flPfBfAHaFj.jpeg,0
OIP-Z8_xxpuotauY24XqOos7zwHaEH.jpeg,0
OIP-z83_HvU79KuEejQYPporJQHaFl.jpeg,0
OIP-Z8a_JtxkQbTf-VD4v3OjyAHaFj.jpeg,0
OIP-z8DeCKnKdIaOO1WWS90t_gHaFZ.jpeg,0
OIP-Z8dqXxfmW8DEkPn-OvESZgHaGQ.jpeg,0
OIP-z8jFJyX-oTR-4YgcsnxsfwHaE7.jpeg,0
OIP-Z8KNmqM8JikLMwavYm6zsQHaFj.jpeg,0
OIP-Z8lNnM2djoJUItfzflz4yAHaE8.jpeg,0
OIP-z8re0zV1hU2DxjsvTdqYIgHaFj.jpeg,0
OIP-Z8VmSzz7fPryDFXKjUP3TwHaFY.jpeg,0
OIP-z8zJbRCC9rxdLFA-3DhArgHaE6.jpeg,0
OIP-Z935_sdh57W4khAKJh5F6wHaEK.jpeg,0
OIP-z9478vvs3cL19YaWH_8xVAHaJ3.jpeg,0
OIP-z96Q795eEgbc1g0YOnIZIwAAAA.jpeg,0
OIP-Z9fM4yNQ8e2ZV132wybRfQHaGI.jpeg,0
OIP-Z9mbwIEZxrPcMZTsFJlqKwHaE8.jpeg,0
OIP-Z-9nbhWv5KE3m6y2fE56rgHaEi.jpeg,0
OIP-z9oGJoCg3EIOhwkwk40SqQHaEX.jpeg,0
OIP-z9OuKNi-K2bjP6PL6C1vcgHaJO.jpeg,0
OIP-z9PbEkYZFnKl6Q1w7lDJqAHaFV.jpeg,0
OIP-z9QdyqE3Dy1sr7AoKLdAfgEgDY.jpeg,0
OIP-Z9R0QAThaORQ_f5PsD1jtQHaLH.jpeg,0
OIP-z9UOSKTAtKdLibhxr75hCQHaGH.jpeg,0
OIP-Z9wGusnpjaWEUwcU_gcMHgHaEA.jpeg,0
OIP-z9zEQ5DgVx14l8dVLOtRzAHaE8.jpeg,0
OIP-z9Zuh6Td4hQNO0BOP7VPlwHaE8.jpeg,0
OIP-ZA7190J3PiHFHPkVAdbk1gHaFB.jpeg,0
OIP-zA-8SGBuT1jzA49Jp9pSKgHaFj.jpeg,0
OIP-ZAboaD8NEOu1f3-fXO349AHaEK.jpeg,0
OIP-ZaenbhNEshuymQtMSDAxOgHaJQ.jpeg,0
OIP-zAHUNWHBXSZH6aVfjtgSNwHaHv.jpeg,0
OIP-ZajAN2xucmQksYVzB_oZ8wHaF7.jpeg,0
OIP-zaleZfrbz0JL-3OlRh-n1gAAAA.jpeg,0
OIP-ZapRpPspWsg92JPyPw9mmgHaE7.jpeg,0
OIP-ZAqo38Y9H20h-jIQGXgX2gHaEK.jpeg,0
OIP-ZaTsvjCDqzbL7EAfTZ1nLQHaHa.jpeg,0
OIP-ZAvjq08VZZgLPZkErgLkNwHaF7.jpeg,0
OIP-zAVQr5TqThBWgOI5q9QYKgHaJ-.jpeg,0
OIP-ZAWaYnMs4303J6JESfmFXAHaJ3.jpeg,0
OIP-zawsqo_Gowor18dK6I9KtAHaHa.jpeg,0
OIP-zaY33YSyzBcvJq_2Fb504QHaE-.jpeg,0
OIP-Zaz8YSZFXDh7HG9deuHBUQHaIP.jpeg,0
OIP-ZaZUcVtt4LhxEhxN8lkWEAHaEI.jpeg,0
OIP-ZbbCmvgVzAZzNhNAOMdf0wHaF7.jpeg,0
OIP-ZbcQ7Qw6og_EcmPchrWPPgAAAA.jpeg,0
OIP-ZbHkv-cgOrKf7ne4ZK8LcgHaFj.jpeg,0
OIP-zbiiG2vcqa5hWpp-MuljKwAAAA.jpeg,0
OIP-ZbJ0uMSq6BoPcN1f6OQrWgHaFL.jpeg,0
OIP-zBLDroFvP4STHoJsebax0AHaJ4.jpeg,0
OIP-zBmXyznIoRfeYvEF-x0TBgHaLF.jpeg,0
OIP-zbPZNqeqEZ8Nj5QmqSV23gHaE6.jpeg,0
OIP-zBR5lVSKrI9cY_C3TIh5lwHaJu.jpeg,0
OIP-zBSqT-UWx5oyLq3pUjOPsQHaFj.jpeg,0
OIP-zBsrXI6g_ZYAzwoue2NMUAHaE-.jpeg,0
OIP-zBsym6h7uIvfZtE52lwYYAHaJ4.jpeg,0
OIP-ZBTdCnY9Po4Ww9U9DAQ5PwHaEk.jpeg,0
OIP-zbU3mZZY0gzd95MS38q-fAHaFj.jpeg,0
OIP-ZBuoPmQzhSfiC7McazsV0wHaFj.jpeg,0
OIP-zbUXSJNmOibSFjyz7u4OOQHaEK.jpeg,0
OIP-zbXH1t40TGtfaf-jr0YE3QHaFj.jpeg,0
OIP-zc4GYQLJ5Tm78CwmoOdvlwHaIM.jpeg,0
OIP-zc9j7b7Y9dCi2C1Hr5Yb1wHaFj.jpeg,0
OIP-zCC3S-PKSGnBZ1ltOoRWEwHaJ3.jpeg,0
OIP-ZcEMYnF3VmKAFUBmzX9oQAHaF7.jpeg,0
OIP-Zcg2-US3hetdfvA9f-dAUQHgGq.jpeg,0
OIP-ZcKA7f_5eb52VcKcSrdn4wAAAA.jpeg,0
OIP-ZcrTZMsiqbAQFxbYveZxLgHaHa.jpeg,0
OIP-zctT-guO9-iobSGmbqkvigHaFi.jpeg,0
OIP-ZCvaGKVTKrosDOBXpRHdiQHaDf.jpeg,0
OIP-Zcwl0y0ivpwmEWW2w_S7DgHaE6.jpeg,0
OIP-ZCXag3dGIjz8qq-SU9a8IwHaGE.jpeg,0
OIP-zcxByXad8au5aZndi6SyqgEsDI.jpeg,0
OIP-ZcyFicUrQxAEJwL7c4LdTwHaEI.jpeg,0
OIP-ZCyiAHPvffWj6EJOO1NbkwHaLD.jpeg,0
OIP-zD-_aQQKah2aQ140r6MDPAHaE8.jpeg,0
OIP-Zd0P5XxV3ovxMOScygdxIgAAAA.jpeg,0
OIP-Zd6-QWtR4AZaUmTXB45qegHaFj.jpeg,0
OIP-ZDAfCKWidjnNNZNdQsXLwAHaGq.jpeg,0
OIP-ZDaHaew_nCxNQJbETJfMmQHaE7.jpeg,0
OIP-ZdC7CCHxaDziAFwQFsdr4AHaGR.jpeg,0
OIP-ZdEdgd96rOvWeQOu97PHBgHaFa.jpeg,0
OIP-ZdF73VoZHl4UOB0adRByCgHaJ4.jpeg,0
OIP-ZDgK7ytrgrX2FtKqYMyspAHaFN.jpeg,0
OIP-z-Di2tlPDdinq2kU19r-CQHaFN.jpeg,0
OIP-zDkpNMJCISIEFXTrXa7X6wHaFj.jpeg,0
OIP-ZdKSrkpG8B2-f3fueXw44gHaE9.jpeg,0
OIP-zdLC6J2HBU8m5uGhQNupOgAAAA.jpeg,0
OIP-zdlrQG-LZm4b-jv7r0YUHAHaEK.jpeg,0
OIP-ZdOG7FaKX1_M9vzYKkRcCgHaFj.jpeg,0
OIP-zdOz0yx9r54k41PRrpjAJQHaE7.jpeg,0
OIP-zdPrSDi5YmHIJOv9De3GXgHaFl.jpeg,0
OIP-zdQUfAWn7xT6taYCv04wMgHaHb.jpeg,0
OIP-z-dQvBQlKkS_Th6vsQKjKgHaFj.jpeg,0
OIP--ZdrmBDHcdX18btrdSdI_wHaEY.jpeg,0
OIP-ZdUyIxcRqX2nAxxNWFgF2wHaKD.jpeg,0
OIP-ZdwigLGoZQVJ-apEM9lgWwHaG1.jpeg,0
OIP-ZDW-PcFwt0dQXjgL6dkiZgHaGr.jpeg,0
OIP-ZDyLe7SCh6JWyZ9Aq4v_PwHaFE.jpeg,0
OIP-Zdz2kHuhib2X5F1606WoxQHaFj.jpeg,0
OIP-zdZAIubVm0NYpKeBu4zW5QHaFa.jpeg,0
OIP-ZdZR5B6aAf6jqzFmluXZAQHaIR.jpeg,0
OIP-ze5Ru45P6kk0M0j5usWeNAHaHa.jpeg,0
OIP-ZE8duPPFcmDEGhT3by3CtwHaFj.jpeg,0
OIP-zeC2W1-zIInkqY3PKd83xgHaJc.jpeg,0
OIP-ZeCCZIto-7J6fz4CCB8qzgHaFj.jpeg,0
OIP-zEcEUsfyZRh-hVf_ePJOjQHaE7.jpeg,0
OIP-ZEdZkoW6oxd5jmHCEkHnDgHaHR.jpeg,0
OIP-zee9w8Ff2D-Hu9Y6JoGZ9gHaFc.jpeg,0
OIP-ZeEADmerTlGWcuacKPW20wHaF5.jpeg,0
OIP-zEEYiHDGKLRRpR-OBn9BoAEgDY.jpeg,0
OIP-zEF5uw6Km8yKjLpbi1EK0wHaEK.jpeg,0
OIP-zEL1Zstqmrg2UJLlwJ7E1AHaJk.jpeg,0
OIP-ZeL22_dU7eRsi9ei7jwt6wHaFS.jpeg,0
OIP-zel9Q1y9H8Dx9eUeyfKR5QHaFR.jpeg,0
OIP-zeNUv8WbddDa6i_VgDpe_AAAAA.jpeg,0
OIP-zENwSwo-KnGjxb8Bc4k65QHaED.jpeg,0
OIP-ZeOdZEpWr8GiIdyQwS-wYwHaE8.jpeg,0
OIP-ZEQhE-Gttrv1_4xUPAgMEQHaKZ.jpeg,0
OIP-zEUYFDm5HzhJ7-wwQ84RZAHaE8.jpeg,0
OIP-ZEWHhpxBZZnlUolUFNEf8gHaFi.jpeg,0
OIP-ZEX8ss7tIEAjm9tYeTbYlQHaFo.jpeg,0
OIP-zEzyx7sJEvDOn2ZDcz997gHaJg.jpeg,0
OIP-ZF_JKz4JANMMO5hoGFtbsAHaE9.jpeg,0
OIP-ZF1oYOlJsV6QU6VTd8HxYAHaE5.jpeg,0
OIP-zF1ZnxyoxV-lHuLT4boBXAHaEV.jpeg,0
OIP-ZF2axKBKZ3KReJUGQR5vZAHaE8.jpeg,0
OIP-ZF7jEtDdy5DLaBvpT8fYnAHaE7.jpeg,0
OIP-zF8bLcX3upodflev7Tu86gHaFQ.jpeg,0
OIP-zfAPVLu-8OF35j4RhgKULgHaHs.jpeg,0
OIP-ZfbIIMJIiGZ6dkgKrnt6tgHaE7.jpeg,0
OIP-ZFC9JVSQL-2s8iq_VSYrAwHaE8.jpeg,0
OIP-zfD0ZzDAIS5axeUH2SDTQwHaFj.jpeg,0
OIP-zfDq_DKh-s5jdzFKjLuMJAHaFy.jpeg,0
OIP-zfeA9wGapLysaWn48PqzYgHaEK.jpeg,0
OIP-zFemtSiGbaKprNZnV4og_QHaGM.jpeg,0
OIP-Zff5N4-iYYjiI-GtyLyfzAEbEs.jpeg,0
OIP-zFfKtZS1I-OIPb7-wCLcegHaEo.jpeg,0
OIP-ZFFQsdET4qKL36klgDZEOwHaFj.jpeg,0
OIP-ZFhXmg7CJxR_ixPHTSEwpQHaE7.jpeg,0
OIP-ZfInpXvNerSZ1ewQBj0R5AD6Es.jpeg,0
OIP-ZfjbfidsFSqegdRnpD7mvgHaLH.jpeg,0
OIP-Zfn61Vsl6Ze5PVcefkg6ZAHaE7.jpeg,0
OIP-ZfpKmVO0DVFjREjxCETW9AHaEv.jpeg,0
OIP-zfSiVpclTzreUOlKhVW0RAHaE8.jpeg,0
OIP-ZfSUmbi9oWxUK-NXuWoyWwHaEK.jpeg,0
OIP-ZfszJaCz24S4kkco14XTeQHaGA.jpeg,0
OIP-Z-FT2EEEuHs3bQchVmUIlgHaE8.jpeg,0
OIP-ZFTi_50S9jvpmygEn6VVGwHaJQ.jpeg,0
OIP-ZFuSOEL2yPGuCdTMpAjdRwHaJ4.jpeg,0
OIP-ZfVKB4-HF1QGda1dv-CA5gHaFj.jpeg,0
OIP-zfw5W7yP-utIh75Wrmaq4AHaE7.jpeg,0
OIP-zFWF4AQsVuw2a70awHTbXAAAAA.jpeg,0
OIP-Zf-wyKofHuY7K2A8u4k7QwHaGh.jpeg,0
OIP-ZFxY-A1tVIi381bQsUvuSAAAAA.jpeg,0
OIP-ZgbPSNxt-_NQR3TncCZKfwHaFI.jpeg,0
OIP-zgHnNTa7Le97AjfxuwWbbAHaE7.jpeg,0
OIP-ZGiVM7MXnQXGK_OLjA-K2gHaFj.jpeg,0
OIP-zgixIlkLBC07RVBKtZSEnQHaFj.jpeg,0
OIP-zGMhX-rG1gdBG3kxgdhhiQHaEo.jpeg,0
OIP-zgnS7gkojYJDxtOmbA9fpQHaFd.jpeg,0
OIP-ZGnxE9nAtbq0cmgNyEvDUAHaLJ.jpeg,0
OIP-Zgpal1X51YpES2SXbO2eQgHaFs.jpeg,0
OIP-zgqo-Q3nZAJiB-4_4V_OUgHaFj.jpeg,0
OIP-zGQRtkI9Q3Xe7COOH6yJ6gHaFj.jpeg,0
OIP-zGQZIl0zO8kIxvK_A6zgTgHaE7.jpeg,0
OIP-ZGR0nj-S61PznMq2QWngTAHaLH.jpeg,0
OIP-zgS0zsnd4WSAxnBcilTXgAHaJ4.jpeg,0
OIP-zGT7Rk-L-f6-GGitZMibqAHaGe.jpeg,0
OIP-Z-GtFEd8GLhDV7rwNxuObwHaFG.jpeg,0
OIP-ZGvV14PKGH_uYCzwm4TY5gHaEX.jpeg,0
OIP-ZGX1oI93O0HvmEoGPcoZKAHaGh.jpeg,0
OIP-z-gXCvczYWK4kljRa8zMeQHaE0.jpeg,0
OIP-zgZsf661wyCOgzjRfbj38AHaE8.jpeg,0
OIP-Zh384dOlRCWBqPO4Sg5zyQHaEX.jpeg,0
OIP-ZH-7-Z2Ip_sPzeKlfGl_9gHaFk.jpeg,0
OIP-Zh7zZfVqcoS-vr1W45qbywHaFj.jpeg,0
OIP-zhaXbV83SQXvsDQluZA69wHaFk.jpeg,0
OIP-zhDmD1wUEbdDijZxaWHCFQHaLC.jpeg,0
OIP-zHdTca7OlHCbkikqeKXz9wHaFj.jpeg,0
OIP-zhg4d3Fm5Y0cHof6-CSmVgHaFL.jpeg,0
OIP-zhH1yN3iA9vMUxhsJisGPgHaHa.jpeg,0
OIP-ZhJK7zqDMRlUyC3azn9eMQHaFj.jpeg,0
OIP-zhJ-pBR-0ryoI4c8Y00XIgHaD3.jpeg,0
OIP-ZhKqdKho8_qO3c7CXlUWKgHaHa.jpeg,0
OIP-zHL-hANx1RAlnL_9kekd4wHaGY.jpeg,0
OIP-zhLz2NNZOh527Bvrz2dlpAHaFw.jpeg,0
OIP-zhnFC-h860YrXsW5WWTPjQHaEK.jpeg,0
OIP-zHqQXbPpyTcKdrtiEKbbXwHaGz.jpeg,0
OIP-ZHw3p_Ni3cnFC_LNCD9MAwHaEu.jpeg,0
OIP-Zi6cQpXYOS3pvzGTuX3sngHaE8.jpeg,0
OIP---ZIdwfUcJeVxnh47zppcQHaFj.jpeg,0
OIP--Zih5aJ_hAwXfs91iq3dZAHaJH.jpeg,0
OIP-ZIHd95eojWAF6l6zVDkQMgAAAA.jpeg,0
OIP-ZILgqgd3izkR86F7qPPQTwHaEv.jpeg,0
OIP-zIqEHpGmFhqOyMlLRNAQaAAAAA.jpeg,0
OIP-ziReSR7reBXhoIa6gCHiggHaEL.jpeg,0
OIP-ziUOT6pWQWsIDuVXSRBQwwHaFj.jpeg,0
OIP-zivggfEHrVOaejL5SX8wDQHaFj.jpeg,0
OIP-ZIZCoITYQ15BVy17s7_1vwHaHa.jpeg,0
OIP-Zj_mKxqexgIVpYYrfHFaGAHaLH.jpeg,0
OIP-ZJ3uP4DrwyT_lHYteq165AHaFj.jpeg,0
OIP-ZJ4NQHaP4ipubJbH0fe04wHaF_.jpeg,0
OIP-ZJ8Fnnp_r8c1S1jeciGhbAHaHH.jpeg,0
OIP-ZJBOYwb3XY_juwX5pB2GSgHaE6.jpeg,0
OIP-zjd8yZlf5pWv2tnn7MdKAwHaE0.jpeg,0
OIP-zjDojM0WWCZ_2EYmhY9DlgHaEK.jpeg,0
OIP-ZJf89vdwWIj5iU6cWskjeQHaE8.jpeg,0
OIP-zjfPjvKx0MKS9zoExZXGhgHaEo.jpeg,0
OIP-zJGASEhErhx8CxqcSfNe8QHaKO.jpeg,0
OIP-z-JGUJB36ftaM2EkBUYmsgHaJf.jpeg,0
OIP-Z-jHLNDqdGjAH6-c0PNxOAHaE6.jpeg,0
OIP-ZjjpkioJ1kUUz0IzAVvtbgHaD5.jpeg,0
OIP-Zjl0jiU02z6qqitXNl9U4gHaEK.jpeg,0
OIP-ZJLZCdjwXVLc1fbjlpS9VwHaE7.jpeg,0
OIP-zJn_aY8l9BUxFuy5g9zDqQHaEx.jpeg,0
OIP--zjndeKVyq0TzCr8hzxbbAHaFj.jpeg,0
OIP-zjO3Dp6jg-zilWTaQ184UgAAAA.jpeg,0
OIP-zJp3qbzl8PqWLa3vOa3u7wAAAA.jpeg,0
OIP-ZjrjjZM8y9QuxjNDA-PiGQHaFA.jpeg,0
OIP-zjScwLpkDbmUwdDzUHxq8QHaE8.jpeg,0
OIP-zjsxSqserzUHohq09LsPXQHaH4.jpeg,0
OIP-zJt_6M6oEQyQ9s2k4m2GjAHaLG.jpeg,0
OIP-zJu-WsFpPgF2gfSHQQGmcAHaFj.jpeg,0
OIP-zjwTdUMrYqiDrreBmvv5ugHaE7.jpeg,0
OIP-zjYKa4rvgOJm-9h5jSVO4AHaGm.jpeg,0
OIP-zJZlz1vpu_Db6kQBa7TnyAEsDv.jpeg,0
OIP-zK2-AGndIDWSqj0S_35L1AHaHa.jpeg,0
OIP-zK3SpUbEx7hwb89nsp7LDQHaFz.jpeg,0
OIP-ZK59rByJU6CMY9r_X2s3PQHaDt.jpeg,0
OIP-ZKbRICDW0sZ4itZGiQLzBgHaE7.jpeg,0
OIP-zkcgeftSNw3I2kz7YapyhwHaGf.jpeg,0
OIP-ZkcXNJCUaDWfZ4y_w4m87wHaFc.jpeg,0
OIP-ZKeylUj2fTa022E5zZXJ8AHaFU.jpeg,0
OIP-ZKGktyKoBONOeiw0WOIjcAHaFj.jpeg,0
OIP-zkh0iYrdxGDtXGJgUDWOWgHaE8.jpeg,0
OIP-ZKjixtchVRqRrUAoRrRh5wHaE5.jpeg,0
OIP-zKJoIQ5B9QH11vRJJOKOCQHaHa.jpeg,0
OIP-ZkLJCBJl_tUYOjVb29kOeQHaFj.jpeg,0
OIP-zk-oAHGbwhmqUW3FMCK3OgHaEs.jpeg,0
OIP-ZKrYHm7MUopxa0a7BaKvNAHaFj.jpeg,0
OIP-ZksMkJMlUBD3ncLAqrsbXgHaE8.jpeg,0
OIP-ZKTALDphJE_c1bQzbS5KuAHaFj.jpeg,0
OIP-zKvHiNsp2VW3qDWiCV3sCQHaFj.jpeg,0
OIP-zKX1biRRtzxlF3AZbZLgpwHaFi.jpeg,0
OIP-zkYZztHK-caFuMIxwMiqkAHaE6.jpeg,0
OIP-ZKzV6CSgJxhUCMfnw29qRQAAAA.jpeg,0
OIP-zKZYCV302FwIUMVrwSr4xgEsDh.jpeg,0
OIP-Zl_kISq13Uh-Vw2SxHGEMwHaFj.jpeg,0
OIP-zL1E5p9ZZ5moETpzgu2cGwHaIX.jpeg,0
OIP-ZL30TCUllw0zONKD_lIcvAAAAA.jpeg,0
OIP-zL3FxSzCBPzPqohVSsUnqAHaE6.jpeg,0
OIP-zL7yETkNB7S78GmYTChynAHaEK.jpeg,0
OIP-zL89QbLja6PNj6Sr3F6jBgHaFQ.jpeg,0
OIP-zLa3jby0f-U-eir6Fj5_8gHaD3.jpeg,0
OIP-zlAXM5j1lboH0YjCncT7VQHaFH.jpeg,0
OIP-ZleIH_fUEq6QLqg0r9SDawHaFj.jpeg,0
OIP-zli4tQA3RChF1S9LFX_oqAHaDq.jpeg,0
OIP-zLjlXIJLH08jasKk6AmXRQHaHa.jpeg,0
OIP--zlPCJX9pdszPedQS7B0qwHaEK.jpeg,0
OIP-ZlRcYb8x4XloTSTbCM3WlAHaFj.jpeg,0
OIP-ZLSdLYAEcerAWVQtygCgwwHaHI.jpeg,0
OIP-ZlsZOeXQTrzCVP73WfyTQgAAAA.jpeg,0
OIP-zlTz-qyPHd3WUGZGopcvjwHaE8.jpeg,0
OIP-ZlUSwt_tNyZPiiYCt8GDdAHaFW.jpeg,0
OIP-zlUzki_MaBGxXVkckgozRwHaFK.jpeg,0
OIP-zlvuGi1V1hGfbhNwlucgwwAAAA.jpeg,0
OIP-ZLyl67cae3ie7KHw1c6AVgHaFj.jpeg,0
OIP-zlZydWefzVPcuE9dXXyVngHaEo.jpeg,0
OIP-zM3-CoKympHhLnHTWerTmQAAAA.jpeg,0
OIP-ZM3zCSZBCqNR-eDIYBmbnAHaFj.jpeg,0
OIP-Zm4RTg3yDNaLWVMFKRHS2AHaHp.jpeg,0
OIP-zM8VTZHy5c8B5h8ezqvZewHaHa.jpeg,0
OIP-zMaM2f6nWX-bwQNMd0HmxAHaE7.jpeg,0
OIP-ZMAMJ9DqxFwulsKMplz7SAHaFd.jpeg,0
OIP--zMaXG8V_bmuI8eeAaAUrwHaE_.jpeg,0
OIP-ZMBkZcSZco1eRcWMhGDz3AHaHZ.jpeg,0
OIP-zMda-2QOCLjwTuMMr5SOtAHaE9.jpeg,0
OIP-ZMh0DVVsWTq4yrX6AmqynAHaKa.jpeg,0
OIP-ZmHxJ_Am_lek-nWczOBQYAHaFm.jpeg,0
OIP-ZmiYanstKYj7l_5NVXCOgAHaK6.jpeg,0
OIP-Zmj7tNmO_c4zxzD1TSdo6gHaEo.jpeg,0
OIP-zmLPXAEEsDxe7y10FXiWrgHaFj.jpeg,0
OIP-ZmMwHrIxTMAvXZvq4FT10AHaGF.jpeg,0
OIP-zmn6_2G-ts8L-tlDEIlQ0wHaE8.jpeg,0
OIP-ZMoa_y0oHwYT5E9odeZEeAAAAA.jpeg,0
OIP-zmoNqfqAgJ3lAJ5cj4uzKgHaER.jpeg,0
OIP-zmqoRKiBfOYom1SN7QtfEgHaFk.jpeg,0
OIP-zmrCT577lLJ3FGpqKbGFAAHaGl.jpeg,0
OIP-ZMRF9ybyc82rIEhGqBFvDwHaKw.jpeg,0
OIP-zmRVKajikjdZP0t356uLcgHaE7.jpeg,0
OIP-ZmVr7z14oXAlYojDFOAWUwHaEU.jpeg,0
OIP-zMvSRiIhrcdO_ZBtkjRpaAHaCe.jpeg,0
OIP-zn_xXSLlVg3IrUIXQXdVdAHaFj.jpeg,0
OIP-zN1P5-JTE_2SKiZg7pJFcgHaJc.jpeg,0
OIP-zn22k4WiI441Ny8T2oW5gAHaHa.jpeg,0
OIP-zN7aZgPbLjN9SRlIuoJruAAAAA.jpeg,0
OIP-zn8nXe80DvItXz86mexfzAHaFx.jpeg,0
OIP-zn9gJgxGXYhi-qhMt8wRpgHaEV.jpeg,0
OIP-zn9k9S-fjvLCqybxjEv0wgHaFk.jpeg,0
OIP-ZN9VB7_gKearpZHRd_qatwHaFj.jpeg,0
OIP-zNAL_bEKlobLaiHuOkqKsQHaE7.jpeg,0
OIP-ZnauAQ46UquWGnAC4nJt6wHaEo.jpeg,0
OIP-zNFQQ9y8-0M9G1h2GuHm4gHaJ4.jpeg,0
OIP-Zngvb06BtiDCbO37L6jB3wHaFj.jpeg,0
OIP-ZNHS2r6TkxLCnWqS3frZrQEsEs.jpeg,0
OIP-ZNkC-6c5zWQLaaC8gNxC3AHaHI.jpeg,0
OIP-znqgr0VmxzrkWBjrNTiCXAHaF9.jpeg,0
OIP-ZnRocPhmLMXVaQ_4f3414wHaDf.jpeg,0
OIP-zNuTGA5UlMGm-i_m6PHfNQHaE7.jpeg,0
OIP-zNV98pab43B-kuYqFn_X9QHaE7.jpeg,0
OIP-znXahZn3E2pmOZK_8P6g6wHaGR.jpeg,0
OIP-zNxLKirgVasKD_fh5ldDLgHaG7.jpeg,0
OIP-znxxyixeaqnGN-wAk_7sTwHaKz.jpeg,0
OIP-ZnYNanydt7R0VnS5BKV9IwHaFJ.jpeg,0
OIP-ZNzQnP57qFI8HNkD5v9T_AHaFj.jpeg,0
OIP-Zo0o5pRic21vud5Rhb-pHwHaJ7.jpeg,0
OIP-Zo1nfsyQHDFYpfk9Je_GsQHaGn.jpeg,0
OIP-Zoc9SImk5dpVEq-yACfU4AHaE7.jpeg,0
OIP-ZOD3WNClzdTP_dWyDH1VFAHaGq.jpeg,0
OIP-zOF7qJHBD4ilSa8NEP4-dgHaFb.jpeg,0
OIP-zOgRPIRp-kzGwiMGRj5CFwHaEZ.jpeg,0
OIP-Zoh3ThibbqWnLjYsgyYyhQHaFO.jpeg,0
OIP-zoHwBHIQJhCJXArT68-DYwHaFj.jpeg,0
OIP-ZOICyeIaSOiDREeMqr_-KQHaFj.jpeg,0
OIP-ZOioh0cZHOnAVBon7I8sEgHaHa.jpeg,0
OIP-ZOlGqDNwlbF-ZvQos_-t8QHaE7.jpeg,0
OIP-ZOLNyUI9fOd-lnACXOdnWAHaFj.jpeg,0
OIP-zoNeR-sDqoFiOkMJrGWv-gHaG9.jpeg,0
OIP-ZoQ8Nyr4YgYWVrptleO-8QHaGn.jpeg,0
OIP-ZoQOqLDfqs_4aJn2g3foWgHaEK.jpeg,0
OIP-ZOqWEIeGmrl9G365ih4qpwHaHB.jpeg,0
OIP-zorl_q5CcdufcpRqkcHLcQHaFj.jpeg,0
OIP-zOsQKJNUb_ImS79lM0BXbgHaFj.jpeg,0
OIP-zOTn7DpTBUt6Vj77SkNS1QHaFj.jpeg,0
OIP-zoUAGfrpjJabe0T5ISlb1gHaFK.jpeg,0
OIP-zOvF6j8aXrkLHoBYyigc7QAAAA.jpeg,0
OIP-zovnszH4rynfbe1wLmi7yQHaGI.jpeg,0
OIP-z-OwfL4HykOFtwh3nOKizgHaEx.jpeg,0
OIP-zOwza5XA87aWNn_EudLawgHaFj.jpeg,0
OIP-zoXRFD6Igqpa8AiKY6keZwHaEJ.jpeg,0
OIP-ZOyf6IsZVT2XDWeu-z-5cgHaEy.jpeg,0
OIP-ZoYZzBjBgliTblAgXK-udwHaFj.jpeg,0
OIP-ZP0OAJ7ZBE0P0gaRRVOwNQHaH6.jpeg,0
OIP-zp2D7FAPeubKw4S1WChEfQHaEo.jpeg,0
OIP-zP3DkKZgncNZmqcs4npYPgHaFj.jpeg,0
OIP-zP6K2I4nj96v9LHGCwyuFAHaE7.jpeg,0
OIP-zPAo5r6LFYnzdPl6HUXxbgHaFj.jpeg,0
OIP-zpc5VOUXIhtEaSHp9AA1WwHaHh.jpeg,0
OIP-ZPCSWHunqfFdDtt05ZtigAHaE8.jpeg,0
OIP-zpD7SDCbIqwjYm2A06OybwHaID.jpeg,0
OIP-ZpDA196A18SL-y1QFaPWMgHaE8.jpeg,0
OIP-zPe_eepEN-tsrai5FG_y5AAAAA.jpeg,0
OIP-ZpEx7tjR9mc69-tLpHqhPQHaE8.jpeg,0
OIP-ZpgnUpvEEBtbX5BMGnyyEwHaJ4.jpeg,0
OIP-zPHb-0gepaRU9qtIllWoMgHaFl.jpeg,0
OIP-zPKmvCGfQu7FF_IRLQNO2wHaE7.jpeg,0
OIP-ZpL3dr1__7K5ckekfUqyCgHaFj.jpeg,0
OIP-zPlpERSUBwvge6FdWaJvBQHaFY.jpeg,0
OIP-zpNAq_EsegFmkzfAF_S--QHaG4.jpeg,0
OIP-zPORiXvd8as13yXg-fINbwHaE8.jpeg,0
OIP-zPP9nlL2_JjcM1cNZLalHAHaFj.jpeg,0
OIP-ZPRJ85QAzQ7hC4vp7vzErwHaE8.jpeg,0
OIP-Zps-VUJrgjMr4b2rRNmWXgHaFI.jpeg,0
OIP-zPu6mzAOxi0SIV3mSbloCQHaFd.jpeg,0
OIP-ZpuXok_1UPEPo7gcYSYBVAHaLG.jpeg,0
OIP-zPWdlcEcEU3uu4q28z37UQHaFA.jpeg,0
OIP-ZPwLGck6a6rklGzDgUaniQAAAA.jpeg,0
OIP-ZpwpGFxf1qY7_frh1n8dFgHaHa.jpeg,0
OIP-zPXC6YneJgfSyJvKsNzvygHaFj.jpeg,0
OIP-ZPyzKCXDaUNiB2n6_DomkwHaFj.jpeg,0
OIP-zpZ5t_rN3DA6xByG0o05WwAAAA.jpeg,0
OIP-ZPzO4qSo0-oqNjIXNAKpEwHaD9.jpeg,0
OIP-Zq_q8o8cw50F1x6S7AmlsQHaFi.jpeg,0
OIP-zq3YHLEyravl0psS7CMflgHaFj.jpeg,0
OIP-zqbZCin6JdYbHCZbyZ06EgHaFj.jpeg,0
OIP-ZqcIu3iL9DhdfbRxre-dBQHaGU.jpeg,0
OIP-zQfPgwUXT4NzOlq7FfLaiwHaEo.jpeg,0
OIP-zqHdoYk0ht41DfCY_fvCwwHaE7.jpeg,0
OIP-zQjbD8dhmeeDUj3q0c5sOwHaGA.jpeg,0
OIP-ZqM6QlEfnf8IzyNnMqwzLwHaEo.jpeg,0
OIP-zqmd4xIr2UMdpeFogfogFQHaHa.jpeg,0
OIP-zQmTn6HHsZoc_37yrrI38wHaHa.jpeg,0
OIP-ZQorCUyK3hzA37u7MZ0I5gHaFj.jpeg,0
OIP-zQRRVk-euKgrEACQqjEdLwHaFj.jpeg,0
OIP-zQsRoGVqtb8420KIMccJAQHaKI.jpeg,0
OIP-zQUJUCqTmqOLHE_D85KCoQHaG1.jpeg,0
OIP-zQujY-HIcgMhoYlOul6-kAHaFj.jpeg,0
OIP-zQux_lBO0TGI8YRlQiyzyQHaFh.jpeg,0
OIP-zQxGnBuCj-d-M8bP-x1pzwHaF5.jpeg,0
OIP-zqXrl7Nr92X1yDyuOQiw4wHaDr.jpeg,0
OIP-zQymO02Txne2r0a2Ak51SQHaFy.jpeg,0
OIP-zqYnjyMopVxXFFJHoztbOQHaH7.jpeg,0
OIP-zR5gDXThMuci-Yhhs96S0gEsEr.jpeg,0
OIP-zR5JWwcGaAoyJfCuXA3HjQHaHa.jpeg,0
OIP-zR60JU-svbwJ16LH2nJuFAHaE9.jpeg,0
OIP-Zr7NJoklRq2lbwewQC2B7gHaFj.jpeg,0
OIP-zRBYveq0GEFHEhexq5qergHaFj.jpeg,0
OIP-ZrfnxopDBO0QJWyh56tGCgHaG7.jpeg,0
OIP-zrG4e3AjIH8dt0EF2m_YIAHaKc.jpeg,0
OIP-zRGCv6qPri_kKAdY4xmK_AHaEW.jpeg,0
OIP-ZrhAiuqtoqFNcluCCsNAOAHaE6.jpeg,0
OIP-ZrIsvFlFHBxLA_Ng9l-0DQHaJ4.jpeg,0
OIP-ZrJDnZ6Kb0ldz4EgPVt1bAAAAA.jpeg,0
OIP-zRJSEOT7-Y-XDNlgq4UUeAHaFj.jpeg,0
OIP-ZRKh8oOllRIyq7CSS9PWXQHaGS.jpeg,0
OIP-ZrLva7w18PY4HH2YckooQgHaE8.jpeg,0
OIP-ZR-NuMDLR_C-1CHKM7ST8wHaE6.jpeg,0
OIP-ZRO80b7FUJqFwBRtIFyKvAHaFl.jpeg,0
OIP-zRof4W-2TVfXicih2EXAcAHaE8.jpeg,0
OIP-ZrpFdEB2u-CMzJXGX9by7wHaE7.jpeg,0
OIP-zRrQsa9zgLsrPKmaefCQjQHaJ4.jpeg,0
OIP---ZRsOF7zsMqhW30WeF8-AHaFj.jpeg,0
OIP-zruNXeVQQQYLTnWIMxC0swHaKX.jpeg,0
OIP-Zs4a8yCEIX13DlwGm0EdOwHaFj.jpeg,0
OIP-ZS5DInubc9q7kjR5Jors5AHaHE.jpeg,0
OIP-ZS7oxOok93GW-NiMlreTkgHaF1.jpeg,0
OIP-Zs8ga-DW_fnULPSLg4zFvwHaFT.jpeg,0
OIP-Zs8RV9g3NsRDfiylg7yPwAHaE8.jpeg,0
OIP-zsbhmzPIncn9f3aVuCedvgHaFj.jpeg,0
OIP-ZSC8LZ2lvhcUZj3mYcIosAHaFj.jpeg,0
OIP-zSFRABsp-oQXzJ5ih61n3wHaE8.jpeg,0
OIP-ZsgJBfKIHpL34E1VQ3F-owAAAA.jpeg,0
OIP-zSHT24ZMA06HYGlSu_nr1QHaFe.jpeg,0
OIP-ZsJIFgVHbyWc7rtF5VahrwEsEs.jpeg,0
OIP-ZsM4fpsufFh5rhb-pFW1vwHaE6.jpeg,0
OIP-zSvrkLxfcHGXLXGA0HuAhQHaFY.jpeg,0
OIP-ZSWmGuVML-cj65mcjnbPhwHaHa.jpeg,0
OIP-zsY8Glt0yKJU0hZwjmYeGgHaGc.jpeg,0
OIP-Zt_gJOr3VgDf5OIH5NwxQAHaE7.jpeg,0
OIP-zt2Aynffn9ssam76JatisQHaE7.jpeg,0
OIP-zT5mClILKpkxSsnVkJXMRwHaE6.jpeg,0
OIP-ZT5NMWMt3fQb3B260yTsFgHaHa.jpeg,0
OIP-zt7JHXM_JjcxZetFQmJ1HwHaHQ.jpeg,0
OIP-Zt9YgfsbfRSQf5Q3L5cFmQHaFR.jpeg,0
OIP-ZtABzmrUKzZaUAMTiaD1zAHaGe.jpeg,0
OIP-ZTbeCBkEAKHqGq8WQA7yvAHaFF.jpeg,0
OIP-ZtGJCW4Yi5r8tnjJQQayMgHaE8.jpeg,0
OIP-zTgoYop_Tv6ZN9hAWLy2cQHaFY.jpeg,0
OIP-Zth6cJmSmgGMbtpQzCPD-gHaFj.jpeg,0
OIP-ZTJkmmUmsKvfzrmRk37dmQHaEo.jpeg,0
OIP-ztjKO_kJHi9_7fIo8H2UZQHaFu.jpeg,0
OIP-ZtKNxAUUKn5r_9r4y1FC7QHaE8.jpeg,0
OIP-zToWrqP4Ny3IC8U1PtYIxAHaHa.jpeg,0
OIP-zTRwCiP1MA2gtrOUjhYBTgHaE8.jpeg,0
OIP-ZtY1_4BSHElRMCqoCN2bFwHaGS.jpeg,0
OIP-ZtyEFE8GseIcE5d63-2LmAAAAA.jpeg,0
OIP-ZtYvH782-wakLD8jFdKbEQHaGh.jpeg,0
OIP-zTZOBQDSHImiSfPRFK7-awHaFj.jpeg,0
OIP-Zu5-C24jaNAb3jsEd-BdvAHaHa.jpeg,0
OIP-zU6w7qic4mC2uPNH-IyEdgAAAA.jpeg,0
OIP-zuA7UNknWcbMeHbOrlmhgQHaFh.jpeg,0
OIP-zuAzh5L33LhHcfq4NBD9gAHaLH.jpeg,0
OIP-ZUCYqigigtb9RU9bw1iD2wHaFj.jpeg,0
OIP-zUF_ra1ngpfADvA4_Nj-FgHaF2.jpeg,0
OIP-zuFC6GWsjwIPd_m6hD2d_QHaGC.jpeg,0
OIP-ZuI6gGwdcCj7bj6c_Vo0zgHaE8.jpeg,0
OIP-ZulddXMp7pWs-673SHd2cwHaG8.jpeg,0
OIP-ZULOBamWiiyImJBVEtFM-wHaFp.jpeg,0
OIP-ZUnieU4McT-8jIM1p_Wy_QHaIl.jpeg,0
OIP-ZunYgEud0RqEjpnoLjtoXQHaFj.jpeg,0
OIP-zUoClNIPMyYa8T9rRZEO4QHaEo.jpeg,0
OIP-zUpVeIhcckaOKu9Dx34yYAHaEH.jpeg,0
OIP-zUqkNqFUDJN1STtJHksnwwHaE7.jpeg,0
OIP-zu-QvjBpFzJMO0WilQesGwHaE6.jpeg,0
OIP-ZuscNSDaZ8h9OcpZNGdxSgHaFo.jpeg,0
OIP-zUTVF-epSqrpL97pxAiUIAHaGP.jpeg,0
OIP-ZuvSNPbMs2uuW8uewhIbvgHaGL.jpeg,0
OIP-ZUY7toQI0-7-VKHm0O8IzgHaEv.jpeg,0
OIP-zUyUGw9rBTpao-d069brPwHaFj.jpeg,0
OIP-Zuze_I8QQh7TYu0zgndPBwHaFj.jpeg,0
OIP-ZUZnitzqZNls7psG83OlywHaLI.jpeg,0
OIP-Zv3UGAGRv7gIzJOemMB6PgHaFj.jpeg,0
OIP-ZV8Qq6_eAO2Ba6CVBQ6kmQHaGN.jpeg,0
OIP-zvadwOSfB4aFsW7xaVCphAHaGn.jpeg,0
OIP-zVBD-VpWdRFDASJFpJ1vkwHaFj.jpeg,0
OIP-ZVBmphHzPMygVFd4GIx2HgHaFi.jpeg,0
OIP-zvCqqr685P7kiWgMRFalKAHaHJ.jpeg,0
OIP-zVdQ446bd_EdeFKxA3-FhwHaFj.jpeg,0
OIP-ZvDRd0kuA-VSdDMa65xbQAAAAA.jpeg,0
OIP-zVErTw8mSPohwjPxvw6ehgAAAA.jpeg,0
OIP-ZVEttZ3Lkl4un9LLPvOBDAHaGO.jpeg,0
OIP-ZVfa-rayFxx76OpQRDzlkQHaDt.jpeg,0
OIP-zVFfJKZOFNSyVGwkzFxK0QHaE2.jpeg,0
OIP-ZVhEK6Z2rrD5gokYFruOFAAAAA.jpeg,0
OIP-zvidHA4-It5fSZ3J0MLcNQHaGZ.jpeg,0
OIP-zviraYI5chw-Hvzi_PwvHQHaE8.jpeg,0
OIP-ZvjLwEF2kmARCQnz9EYFlgHaE8.jpeg,0
OIP-ZVk3Zcp549aPHi15jilglAHaIW.jpeg,0
OIP-ZVKE7B-O9h4RTi2xWSDwNQHaFj.jpeg,0
OIP-zVKU53Szo2PgWJZ9MMp1tAC7FN.jpeg,0
OIP-ZVofdfmT6nHfETl6y0BZEAHaFf.jpeg,0
OIP-ZVPwvKY3N2tqg00m_z92rQHaE8.jpeg,0
OIP-zVqXUldJvdA6XL0v11iqCQAAAA.jpeg,0
OIP-zVSrWy57ACwMT6hUkWKC2gHaFj.jpeg,0
OIP-ZVTOxplj11Gwd72wxUjlEAHaEO.jpeg,0
OIP-ZvwAut30A7U_6VhDNcLaowHaHa.jpeg,0
OIP-ZVWbAtNppZ_gvtzom5sBegHaFj.jpeg,0
OIP-ZVWoBjAv-4zMLFwCHwauDwHaE7.jpeg,0
OIP-ZvYBiAU1Y2VGNnTc2ef7sQHaE8.jpeg,0
OIP-zVYNB2DMgfwtJroaOvC43AHaED.jpeg,0
OIP-ZVYoCUzFMAg9W0Mp0wGcZQAAAA.jpeg,0
OIP-ZVzrRQlCFB1GIgmwC2y1GwHaFN.jpeg,0
OIP-ZW_Vhs50E3ui5FBvxtcf0QHaF1.jpeg,0
OIP-zw3OboJ3KiSzPN-thSo3iAHaFr.jpeg,0
OIP--zW5YkJxAAZ3F6ptakmYqQHaGw.jpeg,0
OIP-ZW7g8PqUrwZTwFgbzQ1LGwHaFj.jpeg,0
OIP-Zw7kOwinhlE9mol5L4SJJQHaEo.jpeg,0
OIP-ZwaHaljnOjpKYFfWmCNaOwHaE8.jpeg,0
OIP-ZWbuHMfc2I4AytNKGPH2KAHaDf.jpeg,0
OIP-Zwd6uPQ7aQl9HS9VQD3o6wHaE4.jpeg,0
OIP-z-wGiKZS7eADZtA9pq3wegHaF7.jpeg,0
OIP-ZwiQFqjVcJHwFrrik8Hr7wHaFi.jpeg,0
OIP-zWLfUk_v3RUz-PhLxMEd1AHaFj.jpeg,0
OIP-ZWMRy9LQ1stCZFVPefd8AQHaFL.jpeg,0
OIP-ZWmU8mRQeGM1evYuN_dEEgHaEW.jpeg,0
OIP-ZWnHRoHZbeeKgZLKkEB3QQHaE8.jpeg,0
OIP-ZWPpp8Wy5W7omrW6p4qB7gHaFy.jpeg,0
OIP-zwqBDdJKQOORDaR0vur-HwHaEs.jpeg,0
OIP-ZWQxV_dSqrujIjYCKWfBTAHaHa.jpeg,0
OIP-zwsmvOpywbUHPDIiA9vLBgHaEK.jpeg,0
OIP-Z-WVkYy4YwC7JZvbXbOCfQHaFj.jpeg,0
OIP-zwvm9B5IEpwA7LRC45aUsQHaFj.jpeg,0
OIP-zwWLqRd95U-BjagmhkAgoQHaFK.jpeg,0
OIP-Zwx7FIbZrHjfsg055rw_BAHaE7.jpeg,0
OIP-zWxNJGDglzWquS2Uu8JssgHaFj.jpeg,0
OIP-zX_hUPbuXD9Dg_8E6vJEowHaE8.jpeg,0
OIP-zxAOusJyY-0FQtl-6xPHtwHaEK.jpeg,0
OIP-ZXChywMZ8JTZrhPAUxImjQHaE8.jpeg,0
OIP-zxeNKydTaRCtvn5vlJvwTAHaFj.jpeg,0
OIP-ZXH30C-ZOjhjxZ_-3k9aKQHaFj.jpeg,0
OIP-Zxkl2yvNKG1EZsKtlJZBTgAAAA.jpeg,0
OIP-ZXlslUCo82OOxHlAotqIvwHaEK.jpeg,0
OIP-zXN2eacA63WItpYMZQsjWQHaE-.jpeg,0
OIP-z-xnE4MOlcK-Yiu544sF-wHaE3.jpeg,0
OIP-zXOKqk0FPybf0s_7De3mMAHaE7.jpeg,0
OIP-zXOwI_2Mv3JCNXPppJ3bUQHaHA.jpeg,0
OIP-ZxOzZFPi6qVZd_vINRU5gwHaFj.jpeg,0
OIP-ZXQeaY9BRECOc2Wy17o-tQHaGO.jpeg,0
OIP-zXRXv9uF7qQJ1qJuigjULwHaFj.jpeg,0
OIP-zXtoxaRSHh4Ar2sGNndpaAHaLH.jpeg,0
OIP-zXtqkzaIJGgmeSBALFnrMgHaFj.jpeg,0
OIP-zxudUlB120H95pYo2YtaLQAAAA.jpeg,0
OIP-zxueKz6apkrZUM8VKEYivwHaHa.jpeg,0
OIP-ZXvsGOPvJdE5bNv9WS_yXwHaFj.jpeg,0
OIP-ZxVvLyY4WlKqFBPYDNAMygHaFj.jpeg,0
OIP-Zy_a3TFFvWl8irb3aIy-HwHaG6.jpeg,0
OIP-Zy4Kdt2PTcAnCfTsViRJ7wHaGi.jpeg,0
OIP-Zy5oMbMztd6lcmqR5NjpyAHaGJ.jpeg,0
OIP-zY8UzN7mmii4lZgcGdovaQHaK2.jpeg,0
OIP-zYBdcDlCOtl_jVRthapcBAHaJr.jpeg,0
OIP-zyBGXad8bVqAt_Mqii8p6wHaFF.jpeg,0
OIP-ZyC8rpwzku88sGwbY9JddAHaFj.jpeg,0
OIP-zyCc-DDxjCSB5m9DR3uNKQHaE8.jpeg,0
OIP-zYD_2_Leq1OPNGZxVLMlkQHaJh.jpeg,0
OIP--ZYhuMiYOdCw6i7mvNQrIQHaE7.jpeg,0
OIP-zy-hXRmO2nt1_2ZKcN6rFgHaGR.jpeg,0
OIP-zYjAghWhipIJJJ_IimJm-wHaFj.jpeg,0
OIP-ZYoAuR6Ult0soCyXXy6S8AHaHd.jpeg,0
OIP-zyrZAukNH-evDl_IyLB1FgHaDb.jpeg,0
OIP-ZySQy2UxW0vuegceuJ_bagHaJ6.jpeg,0
OIP-zyTE-TTOww5cw3GQxP4mJgHaFR.jpeg,0
OIP-zYTwzDLkk_kueB-NEvT14AHaE8.jpeg,0
OIP-zYvaE-5JACx0_d0Z3VoxBwHaHS.jpeg,0
OIP-zyvQLbH9ujZCRrXMYuxHUAHaG8.jpeg,0
OIP-ZYWcVvCt3P-TlEkYuq84swHaE9.jpeg,0
OIP-zYWoQzp-FbJ3Hn5BloemHwHaFm.jpeg,0
OIP-ZYzxmhrBXfvdySrXprqM5AHaE9.jpeg,0
OIP-ZZ6ftke_p5TwDEKQ_DiU_QHaE8.jpeg,0
OIP-ZzfOEtuQSRUofPHSZob0UAHaFj.jpeg,0
OIP-zzGDelPcHNsTiArDjGbXDQHaFy.jpeg,0
OIP-ZZhCD9PI4oWKdy_eaRjE7QHaFb.jpeg,0
OIP-zzkVMFiIk1M2U_QCfd0vLwHaKo.jpeg,0
OIP-ZZoOuYOOpWwIuFxNtxD4VQHaL_.jpeg,0
OIP-ZZqnhvKvPMcxR-K6JoVpWwHaG6.jpeg,0
OIP-zztIh87vLG9VhslKsBt1ZQHaFr.jpeg,0
OIP-ZZTsnhHQqhxdD11PF4KEnAHaE7.jpeg,0
OIP-ZzV2cnnarfBv1b0Xj7cvMwHaEX.jpeg,0
OIP-ZzvtXcnhCUa_WHoix4gEhwEsDG.jpeg,0
OIP-zZw0W0S_upyoUULuc3u1SQHaE7.jpeg,0
OIP-zZxAg0jck1erWmaJz9wbigHaHa.jpeg,0
OIP-ZzxDo8GQKqFs12VteYX_3AHaJC.jpeg,0
OIP-zzy5kEbHuGBWXZ3c-D85aAHaE8.jpeg,0
OIP-zZzu2E_-qNiU86Zp23-l_gHaFj.jpeg,0
pacto-visual-199601-unsplash.jpg,0
paul-hanaoka-273394-unsplash.jpg,0
paul-hanaoka-280209-unsplash.jpg,0
q-aila-162475-unsplash.jpg,0
sam-burriss-378658-unsplash.jpg,0
sarah-dorweiler-128578-unsplash.jpg,0
xenia-bogarova-422041-unsplash.jpg,0
zoltan-tasi-437454-unsplash.jpg,0